
SET SQL_MODE = "NO_AUTO_VALUE_ON_ZERO";
START TRANSACTION;
SET time_zone = "+00:00";



-- Database: `e_pharmacy`
--

-- --------------------------------------------------------

--
-- Table structure for table `tbl_country`
--

CREATE TABLE `tbl_country` (
  `country_id` int(11) NOT NULL,
  `country_name` varchar(100) NOT NULL DEFAULT ''
) ENGINE=MyISAM DEFAULT CHARSET=utf8 COLLATE=utf8_general_ci;

--
-- Dumping data for table `tbl_country`
--

INSERT INTO `tbl_country` (`country_id`, `country_name`) VALUES
(1, 'Afghanistan'),
(2, 'Albania'),
(3, 'Algeria'),
(4, 'American Samoa'),
(5, 'Andorra'),
(6, 'Angola'),
(7, 'Anguilla'),
(8, 'Antarctica'),
(9, 'Antigua and Barbuda'),
(10, 'Argentina'),
(11, 'Armenia'),
(12, 'Aruba'),
(13, 'Australia'),
(14, 'Austria'),
(15, 'Azerbaijan'),
(16, 'Bahamas'),
(17, 'Bahrain'),
(18, 'Bangladesh'),
(19, 'Barbados'),
(20, 'Belarus'),
(21, 'Belgium'),
(22, 'Belize'),
(23, 'Benin'),
(24, 'Bermuda'),
(25, 'Bhutan'),
(26, 'Bolivia'),
(27, 'Bosnia and Herzegovina'),
(28, 'Botswana'),
(29, 'Bouvet Island'),
(30, 'Brazil'),
(31, 'British Indian Ocean Territory'),
(32, 'Brunei Darussalam'),
(33, 'Bulgaria'),
(34, 'Burkina Faso'),
(35, 'Burundi'),
(36, 'Cambodia'),
(37, 'Cameroon'),
(38, 'Canada'),
(39, 'Cape Verde'),
(40, 'Cayman Islands'),
(41, 'Central African Republic'),
(42, 'Chad'),
(43, 'Chile'),
(44, 'China'),
(45, 'Christmas Island'),
(46, 'Cocos (Keeling) Islands'),
(47, 'Colombia'),
(48, 'Comoros'),
(49, 'Congo'),
(50, 'Cook Islands'),
(51, 'Costa Rica'),
(52, 'Croatia (Hrvatska)'),
(53, 'Cuba'),
(54, 'Cyprus'),
(55, 'Czech Republic'),
(56, 'Denmark'),
(57, 'Djibouti'),
(58, 'Dominica'),
(59, 'Dominican Republic'),
(60, 'East Timor'),
(61, 'Ecuador'),
(62, 'Egypt'),
(63, 'El Salvador'),
(64, 'Equatorial Guinea'),
(65, 'Eritrea'),
(66, 'Estonia'),
(67, 'Ethiopia'),
(68, 'Falkland Islands (Malvinas)'),
(69, 'Faroe Islands'),
(70, 'Fiji'),
(71, 'Finland'),
(72, 'France'),
(73, 'France, Metropolitan'),
(74, 'French Guiana'),
(75, 'French Polynesia'),
(76, 'French Southern Territories'),
(77, 'Gabon'),
(78, 'Gambia'),
(79, 'Georgia'),
(80, 'Germany'),
(81, 'Ghana'),
(82, 'Gibraltar'),
(83, 'Guernsey'),
(84, 'Greece'),
(85, 'Greenland'),
(86, 'Grenada'),
(87, 'Guadeloupe'),
(88, 'Guam'),
(89, 'Guatemala'),
(90, 'Guinea'),
(91, 'Guinea-Bissau'),
(92, 'Guyana'),
(93, 'Haiti'),
(94, 'Heard and Mc Donald Islands'),
(95, 'Honduras'),
(96, 'Hong Kong'),
(97, 'Hungary'),
(98, 'Iceland'),
(99, 'India'),
(100, 'Isle of Man'),
(101, 'Indonesia'),
(102, 'Iran (Islamic Republic of)'),
(103, 'Iraq'),
(104, 'Ireland'),
(105, 'Israel'),
(106, 'Italy'),
(107, 'Ivory Coast'),
(108, 'Jersey'),
(109, 'Jamaica'),
(110, 'Japan'),
(111, 'Jordan'),
(112, 'Kazakhstan'),
(113, 'Kenya'),
(114, 'Kiribati'),
(115, 'Korea, Democratic People\'s Republic of'),
(116, 'Korea, Republic of'),
(117, 'Kosovo'),
(118, 'Kuwait'),
(119, 'Kyrgyzstan'),
(120, 'Lao People\'s Democratic Republic'),
(121, 'Latvia'),
(122, 'Lebanon'),
(123, 'Lesotho'),
(124, 'Liberia'),
(125, 'Libyan Arab Jamahiriya'),
(126, 'Liechtenstein'),
(127, 'Lithuania'),
(128, 'Luxembourg'),
(129, 'Macau'),
(130, 'Macedonia'),
(131, 'Madagascar'),
(132, 'Malawi'),
(133, 'Malaysia'),
(134, 'Maldives'),
(135, 'Mali'),
(136, 'Malta'),
(137, 'Marshall Islands'),
(138, 'Martinique'),
(139, 'Mauritania'),
(140, 'Mauritius'),
(141, 'Mayotte'),
(142, 'Mexico'),
(143, 'Micronesia, Federated States of'),
(144, 'Moldova, Republic of'),
(145, 'Monaco'),
(146, 'Mongolia'),
(147, 'Montenegro'),
(148, 'Montserrat'),
(149, 'Morocco'),
(150, 'Mozambique'),
(151, 'Myanmar'),
(152, 'Namibia'),
(153, 'Nauru'),
(154, 'Nepal'),
(155, 'Netherlands'),
(156, 'Netherlands Antilles'),
(157, 'New Caledonia'),
(158, 'New Zealand'),
(159, 'Nicaragua'),
(160, 'Niger'),
(161, 'Nigeria'),
(162, 'Niue'),
(163, 'Norfolk Island'),
(164, 'Northern Mariana Islands'),
(165, 'Norway'),
(166, 'Oman'),
(167, 'Pakistan'),
(168, 'Palau'),
(169, 'Palestine'),
(170, 'Panama'),
(171, 'Papua New Guinea'),
(172, 'Paraguay'),
(173, 'Peru'),
(174, 'Philippines'),
(175, 'Pitcairn'),
(176, 'Poland'),
(177, 'Portugal'),
(178, 'Puerto Rico'),
(179, 'Qatar'),
(180, 'Reunion'),
(181, 'Romania'),
(182, 'Russian Federation'),
(183, 'Rwanda'),
(184, 'Saint Kitts and Nevis'),
(185, 'Saint Lucia'),
(186, 'Saint Vincent and the Grenadines'),
(187, 'Samoa'),
(188, 'San Marino'),
(189, 'Sao Tome and Principe'),
(190, 'Saudi Arabia'),
(191, 'Senegal'),
(192, 'Serbia'),
(193, 'Seychelles'),
(194, 'Sierra Leone'),
(195, 'Singapore'),
(196, 'Slovakia'),
(197, 'Slovenia'),
(198, 'Solomon Islands'),
(199, 'Somalia'),
(200, 'South Africa'),
(201, 'South Georgia South Sandwich Islands'),
(202, 'Spain'),
(203, 'Sri Lanka'),
(204, 'St. Helena'),
(205, 'St. Pierre and Miquelon'),
(206, 'Sudan'),
(207, 'Suriname'),
(208, 'Svalbard and Jan Mayen Islands'),
(209, 'Swaziland'),
(210, 'Sweden'),
(211, 'Switzerland'),
(212, 'Syrian Arab Republic'),
(213, 'Taiwan'),
(214, 'Tajikistan'),
(215, 'Tanzania, United Republic of'),
(216, 'Thailand'),
(217, 'Togo'),
(218, 'Tokelau'),
(219, 'Tonga'),
(220, 'Trinidad and Tobago'),
(221, 'Tunisia'),
(222, 'Turkey'),
(223, 'Turkmenistan'),
(224, 'Turks and Caicos Islands'),
(225, 'Tuvalu'),
(226, 'Uganda'),
(227, 'Ukraine'),
(228, 'United Arab Emirates'),
(229, 'United Kingdom'),
(230, 'United States'),
(231, 'United States minor outlying islands'),
(232, 'Uruguay'),
(233, 'Uzbekistan'),
(234, 'Vanuatu'),
(235, 'Vatican City State'),
(236, 'Venezuela'),
(237, 'Vietnam'),
(238, 'Virgin Islands (British)'),
(239, 'Virgin Islands (U.S.)'),
(240, 'Wallis and Futuna Islands'),
(241, 'Western Sahara'),
(242, 'Yemen'),
(243, 'Zaire'),
(244, 'Zambia'),
(245, 'Zimbabwe');

-- --------------------------------------------------------

--
-- Table structure for table `tbl_customer`
--

CREATE TABLE `tbl_customer` (
  `cust_id` int(11) NOT NULL,
  `cust_name` varchar(100) NOT NULL,
  `cust_cname` varchar(100) NOT NULL,
  `cust_email` varchar(100) NOT NULL,
  `cust_phone` varchar(50) NOT NULL,
  `cust_country` int(11) NOT NULL,
  `cust_address` text NOT NULL,
  `cust_city` varchar(100) NOT NULL,
  `cust_state` varchar(100) NOT NULL,
  `cust_zip` varchar(30) NOT NULL,
  `cust_b_name` varchar(100) NOT NULL,
  `cust_b_cname` varchar(100) NOT NULL,
  `cust_b_phone` varchar(50) NOT NULL,
  `cust_b_country` int(11) NOT NULL,
  `cust_b_address` text NOT NULL,
  `cust_b_city` varchar(100) NOT NULL,
  `cust_b_state` varchar(100) NOT NULL,
  `cust_b_zip` varchar(30) NOT NULL,
  `cust_s_name` varchar(100) NOT NULL,
  `cust_s_cname` varchar(100) NOT NULL,
  `cust_s_phone` varchar(50) NOT NULL,
  `cust_s_country` int(11) NOT NULL,
  `cust_s_address` text NOT NULL,
  `cust_s_city` varchar(100) NOT NULL,
  `cust_s_state` varchar(100) NOT NULL,
  `cust_s_zip` varchar(30) NOT NULL,
  `cust_password` varchar(100) NOT NULL,
  `cust_token` varchar(255) NOT NULL,
  `cust_datetime` varchar(100) NOT NULL,
  `cust_timestamp` varchar(100) NOT NULL,
  `cust_status` int(1) NOT NULL
) ENGINE=InnoDB DEFAULT CHARSET=latin1 COLLATE=latin1_swedish_ci;

--
-- Dumping data for table `tbl_customer`
--

INSERT INTO `tbl_customer` (`cust_id`, `cust_name`, `cust_cname`, `cust_email`, `cust_phone`, `cust_country`, `cust_address`, `cust_city`, `cust_state`, `cust_zip`, `cust_b_name`, `cust_b_cname`, `cust_b_phone`, `cust_b_country`, `cust_b_address`, `cust_b_city`, `cust_b_state`, `cust_b_zip`, `cust_s_name`, `cust_s_cname`, `cust_s_phone`, `cust_s_country`, `cust_s_address`, `cust_s_city`, `cust_s_state`, `cust_s_zip`, `cust_password`, `cust_token`, `cust_datetime`, `cust_timestamp`, `cust_status`) VALUES
(11, 'Nabila', 'ABC', 'nabila@gmail.com', '01678934584', 18, 'Narayangonj', 'Narayangonj', 'Narayangonj', '1400', 'Nabila', 'ABC', '01867945672', 18, 'Narayangonj', 'Dhaka', 'Narayangonj', '1400', 'Nabila', 'ABC', '01867945672', 18, 'Narayangonj', 'Dhaka', 'Narayangonj', '1400', '202cb962ac59075b964b07152d234b70', 'bec6b9ab3f1f391137e718d423ce4c7f', '2023-11-05 12:54:22', '1699217662', 1),
(12, 'Arabi', 'abc', 'arabi@gmail.com', '01345678910', 18, 'Narayangonj', 'Dhaka', 'Narayangonj', '1400', 'Arabi Binta', 'ABC', '01345678910', 18, 'Narayangonj', 'Dhaka', 'Narayanganj', '1400', 'Arabi Binta', 'ABC', '01345678910', 18, 'Narayangonj', 'Dhaka', 'Narayanganj', '1400', '202cb962ac59075b964b07152d234b70', '5698e19ae658da3887eaf3cbec86c007', '2023-11-06 09:19:47', '1699291187', 1);

-- --------------------------------------------------------

--
-- Table structure for table `tbl_customer_message`
--

CREATE TABLE `tbl_customer_message` (
  `customer_message_id` int(11) NOT NULL,
  `subject` varchar(255) NOT NULL,
  `message` text NOT NULL,
  `order_detail` text NOT NULL,
  `cust_id` int(11) NOT NULL
) ENGINE=MyISAM DEFAULT CHARSET=latin1 COLLATE=latin1_swedish_ci;

-- --------------------------------------------------------

--
-- Table structure for table `tbl_end_category`
--

CREATE TABLE `tbl_end_category` (
  `ecat_id` int(11) NOT NULL,
  `ecat_name` varchar(255) NOT NULL,
  `mcat_id` int(11) NOT NULL
) ENGINE=InnoDB DEFAULT CHARSET=latin1 COLLATE=latin1_swedish_ci;

--
-- Dumping data for table `tbl_end_category`
--

INSERT INTO `tbl_end_category` (`ecat_id`, `ecat_name`, `mcat_id`) VALUES
(26, 'Anesthesia', 10),
(27, 'Chemotherapy', 10),
(28, 'Allergy Testing', 11),
(29, 'Diagnostic Tests', 11),
(30, 'Analgesics and Pain Management', 12),
(31, 'Antibiotics', 12),
(32, 'Ultrasound Imaging', 7),
(33, 'Magnetic Resonance Imagin', 7),
(34, 'X-ray Machines', 7),
(35, 'Nuclear Medicine Imaging', 7),
(36, 'Radiographic Imaging', 7),
(37, '3D Scanners', 7),
(38, 'Medical Imaging Devices', 7),
(39, 'Dental Radiography', 3),
(40, 'Dental Lasers', 3),
(41, 'Treatment Instrument', 3),
(42, 'Dental Lasers', 4),
(43, 'Diagnostic Equipment', 3),
(44, ' Orthodontic Device', 3),
(45, 'Infection Control Equipment', 3),
(46, 'Treatment Instrument', 3),
(47, 'Orthopedic Implant', 4),
(48, 'Ophthalmic Implant', 4),
(49, 'Neurological Implant', 4),
(51, 'Neurocritical Care Monitoring', 6),
(52, 'Hemodynamic Monitoring Equipment', 6),
(53, 'Extracorporeal Life Support (ECLS) Devices', 6),
(54, 'Anesthesia and Critical Care Device', 6),
(55, 'Vital Sign Monitors', 6),
(56, 'Respiratory Support Devices', 2),
(57, 'Endoscopic Devices', 1),
(58, 'Nasal and Sinus Device', 1),
(59, 'Otoscopy and Audiometry Equipmen', 1),
(60, 'Cardiovascular Implants', 4),
(61, 'Antirheumatic', 14),
(62, 'Nonsteroidal Anti-Inflammatory Drugs (NSAIDs)', 14),
(63, 'Leukotriene Inhibitors', 14),
(64, 'Biologics', 14),
(65, 'Antimalarials', 14),
(66, 'Colchicine', 14),
(67, 'Topical Opioids', 15),
(68, 'Paracetamol', 15),
(69, ' Analgesic Creams and Gels', 15),
(70, 'Nonsteroidal Anti-Inflammatory Drugs (NSAIDs)', 15),
(71, 'Acetaminophen-based', 15),
(72, 'Muscle Relaxants', 15),
(73, 'Morpholines', 16),
(74, 'Allylamines', 16),
(75, 'Polyenes', 16),
(76, 'Azoles', 16),
(77, 'Macrolides', 17),
(78, 'Cephalosporins', 17),
(79, 'Penicillins', 17),
(80, 'Point-of-Care Testing (POCT) Devices', 8),
(81, 'Surgical Lasers', 20);

-- --------------------------------------------------------

--
-- Table structure for table `tbl_faq`
--

CREATE TABLE `tbl_faq` (
  `faq_id` int(11) NOT NULL,
  `faq_title` varchar(255) NOT NULL,
  `faq_content` text NOT NULL
) ENGINE=InnoDB DEFAULT CHARSET=latin1 COLLATE=latin1_swedish_ci;

--
-- Dumping data for table `tbl_faq`
--

INSERT INTO `tbl_faq` (`faq_id`, `faq_title`, `faq_content`) VALUES
(1, 'How to find an item?', 'To find a specific item, simply use the search bar located at the top of\r\n our website. Enter the medication name, keyword and press \'Search.\' You can also browse our categories to \r\nfind items related to your health needs.'),
(2, 'What is your return policy?', '<p><span style=\"color: rgb(10, 10, 10); font-family: opensans, \"Helvetica Neue\", Helvetica, Helvetica, Arial, sans-serif; font-size: 14px; text-align: center;\">You have 15 days to make a refund request after your order has been delivered.</span><br></p>\r\n');

-- --------------------------------------------------------

--
-- Table structure for table `tbl_language`
--

CREATE TABLE `tbl_language` (
  `lang_id` int(11) NOT NULL,
  `lang_name` varchar(255) NOT NULL,
  `lang_value` text NOT NULL
) ENGINE=MyISAM DEFAULT CHARSET=latin1 COLLATE=latin1_swedish_ci;

--
-- Dumping data for table `tbl_language`
--

INSERT INTO `tbl_language` (`lang_id`, `lang_name`, `lang_value`) VALUES
(1, 'Currency', 'tk - '),
(2, 'Search Medicines', 'Search Medicines'),
(3, 'Search', 'Search'),
(4, 'Submit', 'Submit'),
(5, 'Update', 'Update'),
(6, 'Read More', 'Read More'),
(7, 'Serial', 'Serial'),
(8, 'Photo', 'Photo'),
(9, 'Login', 'Login'),
(10, 'Customer Login', 'Customer Login'),
(11, 'Click here to login', 'Click here to login'),
(12, 'Back to Login Page', 'Back to Login Page'),
(13, 'Logged in as', 'Logged in as'),
(14, 'Logout', 'Logout'),
(15, 'Register', 'Register'),
(16, 'Customer Registration', 'Customer Registration'),
(17, 'Registration Successful', 'Registration Successful'),
(18, 'Cart', 'Cart'),
(19, 'View Cart', 'View Cart'),
(20, 'Update Cart', 'Update Cart'),
(21, 'Back to Cart', 'Back to Cart'),
(22, 'Checkout', 'Checkout'),
(23, 'Proceed to Checkout', 'Proceed to Checkout'),
(24, 'Orders', 'Orders'),
(25, 'Order History', 'Order History'),
(26, 'Order Details', 'Order Details'),
(27, 'Payment Date and Time', 'Payment Date and Time'),
(28, 'Transaction ID', 'Transaction ID'),
(29, 'Paid Amount', 'Paid Amount'),
(30, 'Payment Status', 'Payment Status'),
(31, 'Payment Method', 'Payment Method'),
(32, 'Payment ID', 'Payment ID'),
(33, 'Payment Section', 'Payment Section'),
(34, 'Select Payment Method', 'Select Payment Method'),
(35, 'Select a Method', 'Select a Method'),
(36, 'PayPal', 'PayPal'),
(37, 'Stripe', 'Stripe'),
(38, 'Bank Deposit', 'Bank Deposit'),
(39, 'Card Number', 'Card Number'),
(40, 'CVV', 'CVV'),
(41, 'Month', 'Month'),
(42, 'Year', 'Year'),
(43, 'Send to this Details', 'Send to this Details'),
(44, 'Transaction Information', 'Transaction Information'),
(45, 'Include transaction id and other information correctly', 'Include transaction id and other information correctly'),
(46, 'Pay Now', 'Pay Now'),
(47, 'Medicines Name', 'Medicines Name'),
(48, 'Product Details', 'Product Details'),
(49, 'Categories', 'Categories'),
(50, 'Category:', 'Category:'),
(51, 'All Medicines Under', 'All Medicines Under'),
(52, 'Select Unit', 'Select Unit'),
(53, 'Select Power', 'Select Power'),
(54, 'Medicines Price', 'Medicines Price'),
(55, 'Quantity', 'Quantity'),
(56, 'Out of Stock', 'Out of Stock'),
(57, 'Share This', 'Share This'),
(58, 'Share This Medicine', 'Share This Medicine'),
(59, 'Medicines Description', 'Medicines Description'),
(60, 'Features', 'Features'),
(61, 'Conditions', 'Conditions'),
(62, 'Return Policy', 'Return Policy'),
(63, 'Reviews', 'Reviews'),
(64, 'Review', 'Review'),
(65, 'Give a Review', 'Give a Review'),
(66, 'Write your comment (Optional)', 'Write your comment (Optional)'),
(67, 'Submit Review', 'Submit Review'),
(68, 'You already have given a rating!', 'You already have given a rating!'),
(69, 'You must have to login to give a review', 'You must have to login to give a review'),
(70, 'No description found', 'No description found'),
(71, 'No feature found', 'No feature found'),
(72, 'No condition found', 'No condition found'),
(73, 'No return policy found', 'No return policy found'),
(74, 'Review not found', 'Review not found'),
(75, 'Customer Name', 'Customer Name'),
(76, 'Comment', 'Comment'),
(77, 'Comments', 'Comments'),
(78, 'Rating', 'Rating'),
(79, 'Previous', 'Previous'),
(80, 'Next', 'Next'),
(81, 'Sub Total', 'Sub Total'),
(82, 'Total', 'Total'),
(83, 'Action', 'Action'),
(84, 'Shipping Cost', 'Shipping Cost'),
(85, 'Continue Shopping', 'Continue Shopping'),
(86, 'Update Billing Address', 'Update Billing Address'),
(87, 'Update Shipping Address', 'Update Shipping Address'),
(88, 'Update Billing and Shipping Info', 'Update Billing and Shipping Info'),
(89, 'Dashboard', 'Dashboard'),
(90, 'Welcome to the Dashboard', 'Welcome to the Dashboard'),
(91, 'Back to Dashboard', 'Back to Dashboard'),
(92, 'Subscribe', 'Subscribe'),
(93, 'Subscribe To Our Newsletter', 'Subscribe To Our Newsletter'),
(94, 'Email Address', 'Email Address'),
(95, 'Enter Your Email Address', 'Enter Your Email Address'),
(96, 'Password', 'Password'),
(97, 'Forget Password', 'Forget Password'),
(98, 'Retype Password', 'Retype Password'),
(99, 'Update Password', 'Update Password'),
(100, 'New Password', 'New Password'),
(101, 'Retype New Password', 'Retype New Password'),
(102, 'Full Name', 'Full Name'),
(103, 'Company Name', 'Company Name'),
(104, 'Phone Number', 'Phone Number'),
(105, 'Address', 'Address'),
(106, 'Country', 'Country'),
(107, 'City', 'City'),
(108, 'State', 'State'),
(109, 'Zip Code', 'Zip Code'),
(110, 'About Us', 'About Us'),
(111, 'Featured Medicines', 'Featured Medicines'),
(112, 'Popular Medicines', 'Popular Medicines'),
(113, 'Recent Medicines', 'Recent Medicines'),
(114, 'Contact Information', 'Contact Information'),
(115, 'Contact Form', 'Contact Form'),
(116, 'Our Office', 'Our Office'),
(117, 'Update Profile', 'Update Profile'),
(118, 'Send Message', 'Send Message'),
(119, 'Message', 'Message'),
(120, 'Find Us On Map', 'Find Us On Map'),
(121, 'Congratulation! Payment is successful.', 'Congratulation! Payment is successful.'),
(122, 'Billing and Shipping Information is updated successfully.', 'Billing and Shipping Information is updated successfully.'),
(123, 'Customer Name can not be empty.', 'Customer Name can not be empty.'),
(124, 'Phone Number can not be empty.', 'Phone Number can not be empty.'),
(125, 'Address can not be empty.', 'Address can not be empty.'),
(126, 'You must have to select a country.', 'You must have to select a country.'),
(127, 'City can not be empty.', 'City can not be empty.'),
(128, 'State can not be empty.', 'State can not be empty.'),
(129, 'Zip Code can not be empty.', 'Zip Code can not be empty.'),
(130, 'Profile Information is updated successfully.', 'Profile Information is updated successfully.'),
(131, 'Email Address can not be empty', 'Email Address can not be empty'),
(132, 'Email and/or Password can not be empty.', 'Email and/or Password can not be empty.'),
(133, 'Email Address does not match.', 'Email Address does not match.'),
(134, 'Email address must be valid.', 'Email address must be valid.'),
(135, 'You email address is not found in our system.', 'You email address is not found in our system.'),
(136, 'Please check your email and confirm your subscription.', 'Please check your email and confirm your subscription.'),
(137, 'Your email is verified successfully. You can now login to our website.', 'Your email is verified successfully. You can now login to our website.'),
(138, 'Password can not be empty.', 'Password can not be empty.'),
(139, 'Passwords do not match.', 'Passwords do not match.'),
(140, 'Please enter new and retype passwords.', 'Please enter new and retype passwords.'),
(141, 'Password is updated successfully.', 'Password is updated successfully.'),
(142, 'To reset your password, please click on the link below.', 'To reset your password, please click on the link below.'),
(143, 'PASSWORD RESET REQUEST - YOUR WEBSITE.COM', 'PASSWORD RESET REQUEST - YOUR WEBSITE.COM'),
(144, 'The password reset email time (24 hours) has expired. Please again try to reset your password.', 'The password reset email time (24 hours) has expired. Please again try to reset your password.'),
(145, 'A confirmation link is sent to your email address. You will get the password reset information in there.', 'A confirmation link is sent to your email address. You will get the password reset information in there.'),
(146, 'Password is reset successfully. You can now login.', 'Password is reset successfully. You can now login.'),
(147, 'Email Address Already Exists', 'Email Address Already Exists.'),
(148, 'Sorry! Your account is inactive. Please contact to the administrator.', 'Sorry! Your account is inactive. Please contact to the administrator.'),
(149, 'Change Password', 'Change Password'),
(150, 'Registration Email Confirmation for YOUR WEBSITE', 'Registration Email Confirmation for YOUR WEBSITE.'),
(151, 'Thank you for your registration! Your account has been created. To active your account click on the link below:', 'Thank you for your registration! Your account has been created. To active your account click on the link below:'),
(152, 'Your registration is completed. Please check your email address to follow the process to confirm your registration.', 'Your registration is completed. Please check your email address to follow the process to confirm your registration.'),
(153, 'No Medicines Found', 'No Medicines Found'),
(154, 'Add to Cart', 'Add to Cart'),
(155, 'Related Products', 'Related Products'),
(156, 'See all related medicines from below', 'See all the related medicines from below'),
(157, 'Unit', 'Unit'),
(158, 'Power', 'Power'),
(159, 'Price', 'Price'),
(160, 'Please login as customer to checkout', 'Please login as customer to checkout'),
(161, 'Billing Address', 'Billing Address'),
(162, 'Shipping Address', 'Shipping Address'),
(163, 'Rating is Submitted Successfully!', 'Rating is Submitted Successfully!');

-- --------------------------------------------------------

--
-- Table structure for table `tbl_mid_category`
--

CREATE TABLE `tbl_mid_category` (
  `mcat_id` int(11) NOT NULL,
  `mcat_name` varchar(255) NOT NULL,
  `tcat_id` int(11) NOT NULL
) ENGINE=InnoDB DEFAULT CHARSET=latin1 COLLATE=latin1_swedish_ci;

--
-- Dumping data for table `tbl_mid_category`
--

INSERT INTO `tbl_mid_category` (`mcat_id`, `mcat_name`, `tcat_id`) VALUES
(1, 'ENT (Ear, Nose, and Throat) Devices', 1),
(2, 'Home Healthcare Devices', 1),
(3, 'Dental Equipment', 2),
(4, 'Implantable Devices', 2),
(6, 'Monitoring and Life Support Devices', 2),
(7, 'Imaging Devices', 2),
(8, 'Diagnostic Equipment', 1),
(9, 'Intravitreal Injections', 3),
(10, 'Intrathecal Injections', 3),
(11, 'Intradermal Injections (ID)', 3),
(12, 'Intramuscular Injections (IM)', 3),
(14, ' Anti-Inflammatory', 4),
(15, 'Pain Relief', 4),
(16, 'Antifungals', 5),
(17, 'Antibiotics', 5),
(18, 'Therapeutic Devices', 2),
(19, 'Monitoring Devices', 2),
(20, 'Surgical Instruments', 1),
(21, 'Medical Lasers', 2);

-- --------------------------------------------------------

--
-- Table structure for table `tbl_order`
--

CREATE TABLE `tbl_order` (
  `id` int(11) NOT NULL,
  `product_id` int(11) NOT NULL,
  `product_name` varchar(255) NOT NULL,
  `size` varchar(100) NOT NULL,
  `color` varchar(100) NOT NULL,
  `quantity` varchar(50) NOT NULL,
  `unit_price` varchar(50) NOT NULL,
  `payment_id` varchar(255) NOT NULL
) ENGINE=InnoDB DEFAULT CHARSET=latin1 COLLATE=latin1_swedish_ci;

--
-- Dumping data for table `tbl_order`
--

INSERT INTO `tbl_order` (`id`, `product_id`, `product_name`, `size`, `color`, `quantity`, `unit_price`, `payment_id`) VALUES
(7, 109, 'Ace', '', '500mg', '4', '20', '1699218101'),
(8, 126, 'Bitewing X-rays', '', '', '1', '900', '1699275243'),
(14, 107, 'Cefalexin', '', '500mg', '2', '250', '1699344281');

-- --------------------------------------------------------

--
-- Table structure for table `tbl_page`
--

CREATE TABLE `tbl_page` (
  `id` int(11) NOT NULL,
  `about_title` varchar(255) NOT NULL,
  `about_content` text NOT NULL,
  `about_banner` varchar(255) NOT NULL,
  `about_meta_title` varchar(255) NOT NULL,
  `about_meta_keyword` text NOT NULL,
  `about_meta_description` text NOT NULL,
  `faq_title` varchar(255) NOT NULL,
  `faq_banner` varchar(255) NOT NULL,
  `faq_meta_title` varchar(255) NOT NULL,
  `faq_meta_keyword` text NOT NULL,
  `faq_meta_description` text NOT NULL,
  `blog_title` varchar(255) NOT NULL,
  `blog_banner` varchar(255) NOT NULL,
  `blog_meta_title` varchar(255) NOT NULL,
  `blog_meta_keyword` text NOT NULL,
  `blog_meta_description` text NOT NULL,
  `contact_title` varchar(255) NOT NULL,
  `contact_banner` varchar(255) NOT NULL,
  `contact_meta_title` varchar(255) NOT NULL,
  `contact_meta_keyword` text NOT NULL,
  `contact_meta_description` text NOT NULL,
  `pgallery_title` varchar(255) NOT NULL,
  `pgallery_banner` varchar(255) NOT NULL,
  `pgallery_meta_title` varchar(255) NOT NULL,
  `pgallery_meta_keyword` text NOT NULL,
  `pgallery_meta_description` text NOT NULL,
  `vgallery_title` varchar(255) NOT NULL,
  `vgallery_banner` varchar(255) NOT NULL,
  `vgallery_meta_title` varchar(255) NOT NULL,
  `vgallery_meta_keyword` text NOT NULL,
  `vgallery_meta_description` text NOT NULL
) ENGINE=InnoDB DEFAULT CHARSET=latin1 COLLATE=latin1_swedish_ci;

--
-- Dumping data for table `tbl_page`
--

INSERT INTO `tbl_page` (`id`, `about_title`, `about_content`, `about_banner`, `about_meta_title`, `about_meta_keyword`, `about_meta_description`, `faq_title`, `faq_banner`, `faq_meta_title`, `faq_meta_keyword`, `faq_meta_description`, `blog_title`, `blog_banner`, `blog_meta_title`, `blog_meta_keyword`, `blog_meta_description`, `contact_title`, `contact_banner`, `contact_meta_title`, `contact_meta_keyword`, `contact_meta_description`, `pgallery_title`, `pgallery_banner`, `pgallery_meta_title`, `pgallery_meta_keyword`, `pgallery_meta_description`, `vgallery_title`, `vgallery_banner`, `vgallery_meta_title`, `vgallery_meta_keyword`, `vgallery_meta_description`) VALUES
(1, 'About Us', '<p>Welcome to E-Pharmacy!<br></p><p>An e-pharmacy management system, often referred to as an online pharmacy\r\n management system or e-pharmacy software, is a digital platform \r\ndesigned to facilitate the management and operation of pharmacy services\r\n over the internet. It provides a comprehensive set of tools and \r\nfeatures that enable the efficient functioning of an online pharmacy or \r\ne-pharmacy business.</p><p> E-pharmacy management systems help pharmacists track and manage their \r\nmedication inventory. They can monitor stock levels, order new supplies,\r\n and ensure that essential medications are always available for \r\ncustomers.</p><p> </p>', '', 'E-Pharmacy - About Us', 'about, about us, about medicines, about company, about e-pharmacy', 'Our goal has always been to get the best in you we brought a huge medicine whether you are purchase ', 'FAQ', 'faq-banner.jpg', 'Health Hub@E-Pharmacy.com - FAQ', '', '', 'Blog', 'blog-banner.jpg', 'E-Pharmacy - Blog', '', '', 'Contact Us', 'contact-banner.jpg', 'admin@e-pharmacy.com - Contact', '', '', 'Photo Gallery', 'pgallery-banner.jpg', 'E-Pharmacy - Photo Gallery', '', '', 'Video Gallery', 'vgallery-banner.jpg', 'E-Pharmacy - Video Gallery', '', '');

-- --------------------------------------------------------

--
-- Table structure for table `tbl_payment`
--

CREATE TABLE `tbl_payment` (
  `id` int(11) NOT NULL,
  `customer_id` int(11) NOT NULL,
  `customer_name` varchar(255) NOT NULL,
  `customer_email` varchar(255) NOT NULL,
  `payment_date` varchar(50) NOT NULL,
  `txnid` varchar(255) NOT NULL,
  `paid_amount` int(11) NOT NULL,
  `card_number` varchar(50) NOT NULL,
  `card_cvv` varchar(10) NOT NULL,
  `card_month` varchar(10) NOT NULL,
  `card_year` varchar(10) NOT NULL,
  `bank_transaction_info` text NOT NULL,
  `payment_method` varchar(20) NOT NULL,
  `payment_status` varchar(25) NOT NULL,
  `shipping_status` varchar(20) NOT NULL,
  `payment_id` varchar(255) NOT NULL
) ENGINE=MyISAM DEFAULT CHARSET=latin1 COLLATE=latin1_swedish_ci;

--
-- Dumping data for table `tbl_payment`
--

INSERT INTO `tbl_payment` (`id`, `customer_id`, `customer_name`, `customer_email`, `payment_date`, `txnid`, `paid_amount`, `card_number`, `card_cvv`, `card_month`, `card_year`, `bank_transaction_info`, `payment_method`, `payment_status`, `shipping_status`, `payment_id`) VALUES
(60, 11, 'Nabila', 'nabila@gmail.com', '2023-11-06 08:25:31', '', 380, '', '', '', '', '', 'PayPal', 'Completed', 'Pending', '1699287931'),
(65, 12, 'Arabi', 'arabi@gmail.com', '2023-11-07 00:04:41', '', 500, '', '', '', '', '', 'PayPal', 'Completed', 'Pending', '1699344281'),
(58, 11, 'Nabila', 'nabila@gmail.com', '2023-11-05 13:01:41', '', 80, '', '', '', '', '', 'PayPal', 'Completed', 'Pending', '1699218101'),
(59, 11, 'Nabila', 'nabila@gmail.com', '2023-11-06 04:54:03', '', 900, '', '', '', '', '', 'PayPal', 'Completed', 'Pending', '1699275243');

-- --------------------------------------------------------

--
-- Table structure for table `tbl_photo`
--

CREATE TABLE `tbl_photo` (
  `id` int(11) NOT NULL,
  `caption` varchar(255) NOT NULL,
  `photo` varchar(255) NOT NULL
) ENGINE=InnoDB DEFAULT CHARSET=latin1 COLLATE=latin1_swedish_ci;

--
-- Dumping data for table `tbl_photo`
--

INSERT INTO `tbl_photo` (`id`, `caption`, `photo`) VALUES
(1, 'Photo 1', 'photo-1.jpg'),
(2, 'Photo 2', 'photo-2.jpg'),
(3, 'Photo 3', 'photo-3.jpg'),
(4, 'Photo 4', 'photo-4.jpg'),
(5, 'Photo 5', 'photo-5.jpg'),
(6, 'Photo 6', 'photo-6.jpg');

-- --------------------------------------------------------

--
-- Table structure for table `tbl_post`
--

CREATE TABLE `tbl_post` (
  `post_id` int(11) NOT NULL,
  `post_title` varchar(255) NOT NULL,
  `post_slug` varchar(255) NOT NULL,
  `post_content` text NOT NULL,
  `post_date` varchar(255) NOT NULL,
  `photo` varchar(255) NOT NULL,
  `category_id` int(11) NOT NULL,
  `total_view` int(11) NOT NULL,
  `meta_title` varchar(255) NOT NULL,
  `meta_keyword` text NOT NULL,
  `meta_description` text NOT NULL
) ENGINE=InnoDB DEFAULT CHARSET=latin1 COLLATE=latin1_swedish_ci;

--
-- Dumping data for table `tbl_post`
--

INSERT INTO `tbl_post` (`post_id`, `post_title`, `post_slug`, `post_content`, `post_date`, `photo`, `category_id`, `total_view`, `meta_title`, `meta_keyword`, `meta_description`) VALUES
(1, 'Cu vel choro exerci pri et oratio iisque', 'cu-vel-choro-exerci-pri-et-oratio-iisque', '<p>Lorem ipsum dolor sit amet, qui case probo velit no, an postea scaevola partiendo mei. Id mea fuisset perpetua referrentur. Ut everti ceteros mei, alii discere eum no, duo id malis iuvaret. Ad sint everti accusam vel, ea viderer suscipiantur pri. Brute option minimum in cum, ignota iuvaret an pro.</p>\r\n\r\n<p>Solum atqui intellegebat mea an. Ne ius alterum aliquam. Ea nec populo aliquid mentitum, vis in meliore atomorum, sanctus consequat vituperatoribus duo ea. Ad doctus pertinacia ius, virtute fuisset id has, eum ut modo principes. Qui eu labore adversarium, oporteat delicata qui ut, an qui meliore principes. Id aliquid dolorum nam.</p>\r\n\r\n<p>Reque pericula philosophia ut mei, volumus eligendi mandamus has an. In nobis consulatu pri, has at timeam scaevola, has simul quaeque et. Te nec sale accumsan. Dolorem prodesset efficiendi sea ea.</p>\r\n\r\n<p>Et habeo modus debitis pri, vel quis fierent albucius ne. Ea animal meliore usu, nec etiam dolorum atomorum at, nam in audire mandamus omittantur. Cu ius dicam officiis molestiae, mea volumus officiis cotidieque no. Ut vel possim interpretaris, idque probatus antiopam has ad. Facilisi qualisque te sea, no dolorum mnesarchum usu.</p>\r\n\r\n<p>Eum tota graeci impetus an, eirmod invenire rationibus ne mel. Ignota habemus eum ex, vis omnesque delicata perpetua an. Sit id modo invidunt sapientem, ne eum vocibus dolores phaedrum. Case praesent appellantur eu per.</p>\r\n', '05-09-2017', 'news-1.jpg', 3, 14, 'Cu vel choro exerci pri et oratio iisque', '', ''),
(2, 'Epicurei necessitatibus eu facilisi postulant ', 'epicurei-necessitatibus-eu-facilisi-postulant-', '<p>Lorem ipsum dolor sit amet, qui case probo velit no, an postea scaevola partiendo mei. Id mea fuisset perpetua referrentur. Ut everti ceteros mei, alii discere eum no, duo id malis iuvaret. Ad sint everti accusam vel, ea viderer suscipiantur pri. Brute option minimum in cum, ignota iuvaret an pro.</p>\r\n\r\n<p>Solum atqui intellegebat mea an. Ne ius alterum aliquam. Ea nec populo aliquid mentitum, vis in meliore atomorum, sanctus consequat vituperatoribus duo ea. Ad doctus pertinacia ius, virtute fuisset id has, eum ut modo principes. Qui eu labore adversarium, oporteat delicata qui ut, an qui meliore principes. Id aliquid dolorum nam.</p>\r\n\r\n<p>Reque pericula philosophia ut mei, volumus eligendi mandamus has an. In nobis consulatu pri, has at timeam scaevola, has simul quaeque et. Te nec sale accumsan. Dolorem prodesset efficiendi sea ea.</p>\r\n\r\n<p>Et habeo modus debitis pri, vel quis fierent albucius ne. Ea animal meliore usu, nec etiam dolorum atomorum at, nam in audire mandamus omittantur. Cu ius dicam officiis molestiae, mea volumus officiis cotidieque no. Ut vel possim interpretaris, idque probatus antiopam has ad. Facilisi qualisque te sea, no dolorum mnesarchum usu.</p>\r\n\r\n<p>Eum tota graeci impetus an, eirmod invenire rationibus ne mel. Ignota habemus eum ex, vis omnesque delicata perpetua an. Sit id modo invidunt sapientem, ne eum vocibus dolores phaedrum. Case praesent appellantur eu per.</p>\r\n', '05-09-2017', 'news-2.jpg', 3, 6, 'Epicurei necessitatibus eu facilisi postulant ', '', ''),
(3, 'Mei ut errem legimus periculis eos liber', 'mei-ut-errem-legimus-periculis-eos-liber', '<p>Lorem ipsum dolor sit amet, qui case probo velit no, an postea scaevola partiendo mei. Id mea fuisset perpetua referrentur. Ut everti ceteros mei, alii discere eum no, duo id malis iuvaret. Ad sint everti accusam vel, ea viderer suscipiantur pri. Brute option minimum in cum, ignota iuvaret an pro.</p>\r\n\r\n<p>Solum atqui intellegebat mea an. Ne ius alterum aliquam. Ea nec populo aliquid mentitum, vis in meliore atomorum, sanctus consequat vituperatoribus duo ea. Ad doctus pertinacia ius, virtute fuisset id has, eum ut modo principes. Qui eu labore adversarium, oporteat delicata qui ut, an qui meliore principes. Id aliquid dolorum nam.</p>\r\n\r\n<p>Reque pericula philosophia ut mei, volumus eligendi mandamus has an. In nobis consulatu pri, has at timeam scaevola, has simul quaeque et. Te nec sale accumsan. Dolorem prodesset efficiendi sea ea.</p>\r\n\r\n<p>Et habeo modus debitis pri, vel quis fierent albucius ne. Ea animal meliore usu, nec etiam dolorum atomorum at, nam in audire mandamus omittantur. Cu ius dicam officiis molestiae, mea volumus officiis cotidieque no. Ut vel possim interpretaris, idque probatus antiopam has ad. Facilisi qualisque te sea, no dolorum mnesarchum usu.</p>\r\n\r\n<p>Eum tota graeci impetus an, eirmod invenire rationibus ne mel. Ignota habemus eum ex, vis omnesque delicata perpetua an. Sit id modo invidunt sapientem, ne eum vocibus dolores phaedrum. Case praesent appellantur eu per.</p>\r\n', '05-09-2017', 'news-3.jpg', 3, 1, 'Mei ut errem legimus periculis eos liber', '', ''),
(4, 'Id pro unum pertinax oportere vel', 'id-pro-unum-pertinax-oportere-vel', '<p>Lorem ipsum dolor sit amet, qui case probo velit no, an postea scaevola partiendo mei. Id mea fuisset perpetua referrentur. Ut everti ceteros mei, alii discere eum no, duo id malis iuvaret. Ad sint everti accusam vel, ea viderer suscipiantur pri. Brute option minimum in cum, ignota iuvaret an pro.</p>\r\n\r\n<p>Solum atqui intellegebat mea an. Ne ius alterum aliquam. Ea nec populo aliquid mentitum, vis in meliore atomorum, sanctus consequat vituperatoribus duo ea. Ad doctus pertinacia ius, virtute fuisset id has, eum ut modo principes. Qui eu labore adversarium, oporteat delicata qui ut, an qui meliore principes. Id aliquid dolorum nam.</p>\r\n\r\n<p>Reque pericula philosophia ut mei, volumus eligendi mandamus has an. In nobis consulatu pri, has at timeam scaevola, has simul quaeque et. Te nec sale accumsan. Dolorem prodesset efficiendi sea ea.</p>\r\n\r\n<p>Et habeo modus debitis pri, vel quis fierent albucius ne. Ea animal meliore usu, nec etiam dolorum atomorum at, nam in audire mandamus omittantur. Cu ius dicam officiis molestiae, mea volumus officiis cotidieque no. Ut vel possim interpretaris, idque probatus antiopam has ad. Facilisi qualisque te sea, no dolorum mnesarchum usu.</p>\r\n\r\n<p>Eum tota graeci impetus an, eirmod invenire rationibus ne mel. Ignota habemus eum ex, vis omnesque delicata perpetua an. Sit id modo invidunt sapientem, ne eum vocibus dolores phaedrum. Case praesent appellantur eu per.</p>\r\n', '05-09-2017', 'news-4.jpg', 4, 0, 'Id pro unum pertinax oportere vel', '', ''),
(5, 'Tollit cetero cu usu etiam evertitur', 'tollit-cetero-cu-usu-etiam-evertitur', '<p>Lorem ipsum dolor sit amet, qui case probo velit no, an postea scaevola partiendo mei. Id mea fuisset perpetua referrentur. Ut everti ceteros mei, alii discere eum no, duo id malis iuvaret. Ad sint everti accusam vel, ea viderer suscipiantur pri. Brute option minimum in cum, ignota iuvaret an pro.</p>\r\n\r\n<p>Solum atqui intellegebat mea an. Ne ius alterum aliquam. Ea nec populo aliquid mentitum, vis in meliore atomorum, sanctus consequat vituperatoribus duo ea. Ad doctus pertinacia ius, virtute fuisset id has, eum ut modo principes. Qui eu labore adversarium, oporteat delicata qui ut, an qui meliore principes. Id aliquid dolorum nam.</p>\r\n\r\n<p>Reque pericula philosophia ut mei, volumus eligendi mandamus has an. In nobis consulatu pri, has at timeam scaevola, has simul quaeque et. Te nec sale accumsan. Dolorem prodesset efficiendi sea ea.</p>\r\n\r\n<p>Et habeo modus debitis pri, vel quis fierent albucius ne. Ea animal meliore usu, nec etiam dolorum atomorum at, nam in audire mandamus omittantur. Cu ius dicam officiis molestiae, mea volumus officiis cotidieque no. Ut vel possim interpretaris, idque probatus antiopam has ad. Facilisi qualisque te sea, no dolorum mnesarchum usu.</p>\r\n\r\n<p>Eum tota graeci impetus an, eirmod invenire rationibus ne mel. Ignota habemus eum ex, vis omnesque delicata perpetua an. Sit id modo invidunt sapientem, ne eum vocibus dolores phaedrum. Case praesent appellantur eu per.</p>\r\n', '05-09-2017', 'news-5.jpg', 4, 24, 'Tollit cetero cu usu etiam evertitur', '', ''),
(6, 'Omnes ornatus qui et te aeterno', 'omnes-ornatus-qui-et-te-aeterno', '<p>Lorem ipsum dolor sit amet, qui case probo velit no, an postea scaevola partiendo mei. Id mea fuisset perpetua referrentur. Ut everti ceteros mei, alii discere eum no, duo id malis iuvaret. Ad sint everti accusam vel, ea viderer suscipiantur pri. Brute option minimum in cum, ignota iuvaret an pro.</p>\r\n\r\n<p>Solum atqui intellegebat mea an. Ne ius alterum aliquam. Ea nec populo aliquid mentitum, vis in meliore atomorum, sanctus consequat vituperatoribus duo ea. Ad doctus pertinacia ius, virtute fuisset id has, eum ut modo principes. Qui eu labore adversarium, oporteat delicata qui ut, an qui meliore principes. Id aliquid dolorum nam.</p>\r\n\r\n<p>Reque pericula philosophia ut mei, volumus eligendi mandamus has an. In nobis consulatu pri, has at timeam scaevola, has simul quaeque et. Te nec sale accumsan. Dolorem prodesset efficiendi sea ea.</p>\r\n\r\n<p>Et habeo modus debitis pri, vel quis fierent albucius ne. Ea animal meliore usu, nec etiam dolorum atomorum at, nam in audire mandamus omittantur. Cu ius dicam officiis molestiae, mea volumus officiis cotidieque no. Ut vel possim interpretaris, idque probatus antiopam has ad. Facilisi qualisque te sea, no dolorum mnesarchum usu.</p>\r\n\r\n<p>Eum tota graeci impetus an, eirmod invenire rationibus ne mel. Ignota habemus eum ex, vis omnesque delicata perpetua an. Sit id modo invidunt sapientem, ne eum vocibus dolores phaedrum. Case praesent appellantur eu per.</p>\r\n', '05-09-2017', 'news-6.jpg', 4, 2, 'Omnes ornatus qui et te aeterno', '', ''),
(7, 'Vix tale noluisse voluptua ad ne', 'vix-tale-noluisse-voluptua-ad-ne', '<p>Lorem ipsum dolor sit amet, qui case probo velit no, an postea scaevola partiendo mei. Id mea fuisset perpetua referrentur. Ut everti ceteros mei, alii discere eum no, duo id malis iuvaret. Ad sint everti accusam vel, ea viderer suscipiantur pri. Brute option minimum in cum, ignota iuvaret an pro.</p>\r\n\r\n<p>Solum atqui intellegebat mea an. Ne ius alterum aliquam. Ea nec populo aliquid mentitum, vis in meliore atomorum, sanctus consequat vituperatoribus duo ea. Ad doctus pertinacia ius, virtute fuisset id has, eum ut modo principes. Qui eu labore adversarium, oporteat delicata qui ut, an qui meliore principes. Id aliquid dolorum nam.</p>\r\n\r\n<p>Reque pericula philosophia ut mei, volumus eligendi mandamus has an. In nobis consulatu pri, has at timeam scaevola, has simul quaeque et. Te nec sale accumsan. Dolorem prodesset efficiendi sea ea.</p>\r\n\r\n<p>Et habeo modus debitis pri, vel quis fierent albucius ne. Ea animal meliore usu, nec etiam dolorum atomorum at, nam in audire mandamus omittantur. Cu ius dicam officiis molestiae, mea volumus officiis cotidieque no. Ut vel possim interpretaris, idque probatus antiopam has ad. Facilisi qualisque te sea, no dolorum mnesarchum usu.</p>\r\n\r\n<p>Eum tota graeci impetus an, eirmod invenire rationibus ne mel. Ignota habemus eum ex, vis omnesque delicata perpetua an. Sit id modo invidunt sapientem, ne eum vocibus dolores phaedrum. Case praesent appellantur eu per.</p>\r\n', '05-09-2017', 'news-7.jpg', 2, 0, 'Vix tale noluisse voluptua ad ne', '', ''),
(8, 'Liber utroque vim an ne his brute', 'liber-utroque-vim-an-ne-his-brute', '<p>Lorem ipsum dolor sit amet, qui case probo velit no, an postea scaevola partiendo mei. Id mea fuisset perpetua referrentur. Ut everti ceteros mei, alii discere eum no, duo id malis iuvaret. Ad sint everti accusam vel, ea viderer suscipiantur pri. Brute option minimum in cum, ignota iuvaret an pro.</p>\r\n\r\n<p>Solum atqui intellegebat mea an. Ne ius alterum aliquam. Ea nec populo aliquid mentitum, vis in meliore atomorum, sanctus consequat vituperatoribus duo ea. Ad doctus pertinacia ius, virtute fuisset id has, eum ut modo principes. Qui eu labore adversarium, oporteat delicata qui ut, an qui meliore principes. Id aliquid dolorum nam.</p>\r\n\r\n<p>Reque pericula philosophia ut mei, volumus eligendi mandamus has an. In nobis consulatu pri, has at timeam scaevola, has simul quaeque et. Te nec sale accumsan. Dolorem prodesset efficiendi sea ea.</p>\r\n\r\n<p>Et habeo modus debitis pri, vel quis fierent albucius ne. Ea animal meliore usu, nec etiam dolorum atomorum at, nam in audire mandamus omittantur. Cu ius dicam officiis molestiae, mea volumus officiis cotidieque no. Ut vel possim interpretaris, idque probatus antiopam has ad. Facilisi qualisque te sea, no dolorum mnesarchum usu.</p>\r\n\r\n<p>Eum tota graeci impetus an, eirmod invenire rationibus ne mel. Ignota habemus eum ex, vis omnesque delicata perpetua an. Sit id modo invidunt sapientem, ne eum vocibus dolores phaedrum. Case praesent appellantur eu per.</p>\r\n', '05-09-2017', 'news-8.jpg', 2, 12, 'Liber utroque vim an ne his brute', '', ''),
(9, 'Nostrum copiosae argumentum has', 'nostrum-copiosae-argumentum-has', '<p>Lorem ipsum dolor sit amet, qui case probo velit no, an postea scaevola partiendo mei. Id mea fuisset perpetua referrentur. Ut everti ceteros mei, alii discere eum no, duo id malis iuvaret. Ad sint everti accusam vel, ea viderer suscipiantur pri. Brute option minimum in cum, ignota iuvaret an pro.</p>\r\n\r\n<p>Solum atqui intellegebat mea an. Ne ius alterum aliquam. Ea nec populo aliquid mentitum, vis in meliore atomorum, sanctus consequat vituperatoribus duo ea. Ad doctus pertinacia ius, virtute fuisset id has, eum ut modo principes. Qui eu labore adversarium, oporteat delicata qui ut, an qui meliore principes. Id aliquid dolorum nam.</p>\r\n\r\n<p>Reque pericula philosophia ut mei, volumus eligendi mandamus has an. In nobis consulatu pri, has at timeam scaevola, has simul quaeque et. Te nec sale accumsan. Dolorem prodesset efficiendi sea ea.</p>\r\n\r\n<p>Et habeo modus debitis pri, vel quis fierent albucius ne. Ea animal meliore usu, nec etiam dolorum atomorum at, nam in audire mandamus omittantur. Cu ius dicam officiis molestiae, mea volumus officiis cotidieque no. Ut vel possim interpretaris, idque probatus antiopam has ad. Facilisi qualisque te sea, no dolorum mnesarchum usu.</p>\r\n\r\n<p>Eum tota graeci impetus an, eirmod invenire rationibus ne mel. Ignota habemus eum ex, vis omnesque delicata perpetua an. Sit id modo invidunt sapientem, ne eum vocibus dolores phaedrum. Case praesent appellantur eu per.</p>\r\n', '05-09-2017', 'news-9.jpg', 1, 12, 'Nostrum copiosae argumentum has', '', ''),
(10, 'An labores explicari qui eu', 'an-labores-explicari-qui-eu', '<p>Lorem ipsum dolor sit amet, qui case probo velit no, an postea scaevola partiendo mei. Id mea fuisset perpetua referrentur. Ut everti ceteros mei, alii discere eum no, duo id malis iuvaret. Ad sint everti accusam vel, ea viderer suscipiantur pri. Brute option minimum in cum, ignota iuvaret an pro.</p>\r\n\r\n<p>Solum atqui intellegebat mea an. Ne ius alterum aliquam. Ea nec populo aliquid mentitum, vis in meliore atomorum, sanctus consequat vituperatoribus duo ea. Ad doctus pertinacia ius, virtute fuisset id has, eum ut modo principes. Qui eu labore adversarium, oporteat delicata qui ut, an qui meliore principes. Id aliquid dolorum nam.</p>\r\n\r\n<p>Reque pericula philosophia ut mei, volumus eligendi mandamus has an. In nobis consulatu pri, has at timeam scaevola, has simul quaeque et. Te nec sale accumsan. Dolorem prodesset efficiendi sea ea.</p>\r\n\r\n<p>Et habeo modus debitis pri, vel quis fierent albucius ne. Ea animal meliore usu, nec etiam dolorum atomorum at, nam in audire mandamus omittantur. Cu ius dicam officiis molestiae, mea volumus officiis cotidieque no. Ut vel possim interpretaris, idque probatus antiopam has ad. Facilisi qualisque te sea, no dolorum mnesarchum usu.</p>\r\n\r\n<p>Eum tota graeci impetus an, eirmod invenire rationibus ne mel. Ignota habemus eum ex, vis omnesque delicata perpetua an. Sit id modo invidunt sapientem, ne eum vocibus dolores phaedrum. Case praesent appellantur eu per.</p>\r\n', '05-09-2017', 'news-10.jpg', 1, 4, 'An labores explicari qui eu', '', ''),
(11, 'Lorem ipsum dolor sit amet', 'lorem-ipsum-dolor-sit-amet', '<p>Lorem ipsum dolor sit amet, qui case probo velit no, an postea scaevola partiendo mei. Id mea fuisset perpetua referrentur. Ut everti ceteros mei, alii discere eum no, duo id malis iuvaret. Ad sint everti accusam vel, ea viderer suscipiantur pri. Brute option minimum in cum, ignota iuvaret an pro.</p>\r\n\r\n<p>Solum atqui intellegebat mea an. Ne ius alterum aliquam. Ea nec populo aliquid mentitum, vis in meliore atomorum, sanctus consequat vituperatoribus duo ea. Ad doctus pertinacia ius, virtute fuisset id has, eum ut modo principes. Qui eu labore adversarium, oporteat delicata qui ut, an qui meliore principes. Id aliquid dolorum nam.</p>\r\n\r\n<p>Reque pericula philosophia ut mei, volumus eligendi mandamus has an. In nobis consulatu pri, has at timeam scaevola, has simul quaeque et. Te nec sale accumsan. Dolorem prodesset efficiendi sea ea.</p>\r\n\r\n<p>Et habeo modus debitis pri, vel quis fierent albucius ne. Ea animal meliore usu, nec etiam dolorum atomorum at, nam in audire mandamus omittantur. Cu ius dicam officiis molestiae, mea volumus officiis cotidieque no. Ut vel possim interpretaris, idque probatus antiopam has ad. Facilisi qualisque te sea, no dolorum mnesarchum usu.</p>\r\n\r\n<p>Eum tota graeci impetus an, eirmod invenire rationibus ne mel. Ignota habemus eum ex, vis omnesque delicata perpetua an. Sit id modo invidunt sapientem, ne eum vocibus dolores phaedrum. Case praesent appellantur eu per.</p>\r\n', '05-09-2017', 'news-11.jpg', 1, 18, 'Lorem ipsum dolor sit amet', '', '');

-- --------------------------------------------------------

--
-- Table structure for table `tbl_power`
--

CREATE TABLE `tbl_power` (
  `power_id` int(11) NOT NULL,
  `power_name` varchar(255) NOT NULL
) ENGINE=InnoDB DEFAULT CHARSET=latin1 COLLATE=latin1_swedish_ci;

--
-- Dumping data for table `tbl_power`
--

INSERT INTO `tbl_power` (`power_id`, `power_name`) VALUES
(1, '1mg'),
(2, '2mg'),
(3, '3mg'),
(4, '5mg'),
(5, '20mg'),
(6, '40mg'),
(7, '500mg'),
(8, ''),
(9, ''),
(10, ''),
(11, ''),
(12, ''),
(13, ''),
(14, ''),
(15, ''),
(16, ''),
(17, ''),
(18, ''),
(19, ''),
(20, ''),
(21, ''),
(22, ''),
(23, ''),
(24, ''),
(25, ''),
(26, ''),
(27, ''),
(28, ''),
(29, '');

-- --------------------------------------------------------

--
-- Table structure for table `tbl_product`
--

CREATE TABLE `tbl_product` (
  `p_id` int(11) NOT NULL,
  `p_name` varchar(255) NOT NULL,
  `p_old_price` varchar(10) NOT NULL,
  `p_current_price` varchar(10) NOT NULL,
  `p_qty` int(10) NOT NULL,
  `p_featured_photo` varchar(255) NOT NULL,
  `p_description` text NOT NULL,
  `p_short_description` text NOT NULL,
  `p_feature` text NOT NULL,
  `p_condition` text NOT NULL,
  `p_return_policy` text NOT NULL,
  `p_total_view` int(11) NOT NULL,
  `p_is_featured` int(1) NOT NULL,
  `p_is_active` int(1) NOT NULL,
  `ecat_id` int(11) NOT NULL
) ENGINE=InnoDB DEFAULT CHARSET=latin1 COLLATE=latin1_swedish_ci;

--
-- Dumping data for table `tbl_product`
--

INSERT INTO `tbl_product` (`p_id`, `p_name`, `p_old_price`, `p_current_price`, `p_qty`, `p_featured_photo`, `p_description`, `p_short_description`, `p_feature`, `p_condition`, `p_return_policy`, `p_total_view`, `p_is_featured`, `p_is_active`, `ecat_id`) VALUES
(102, 'Amoxicillin', '190', '169', 112, 'product-featured-102.png', '<p><span style=\"color: rgb(15, 17, 17); font-family: \"Amazon Ember\", Arial, sans-serif; font-size: 14px;\">This dress has everything! Enough stretch to be forgiving. Works for my hourglass/pear shape just fine. The cap sleeves satisfy conservative dressing requirements (no sleeveless) but still works for spring/summer.</span><br></p>', '<p>From Calvin Klein</p>', '<ul class=\"a-unordered-list a-vertical a-spacing-mini\" style=\"margin-right: 0px; margin-bottom: 0px; margin-left: 18px; color: rgb(15, 17, 17); padding: 0px; font-family: \"Amazon Ember\", Arial, sans-serif; font-size: 14px;\"><li style=\"list-style: disc; overflow-wrap: break-word; margin: 0px;\"><span class=\"a-list-item\" style=\"overflow-wrap: break-word; display: block;\">Cap-sleeve shirt dress featuring belted waist with gold-tone hardware accents</span></li><li style=\"list-style: disc; overflow-wrap: break-word; margin: 0px;\"><span class=\"a-list-item\" style=\"overflow-wrap: break-word; display: block;\">Split v-neckline</span></li><li style=\"list-style: disc; overflow-wrap: break-word; margin: 0px;\"><span class=\"a-list-item\" style=\"overflow-wrap: break-word; display: block;\">Exposed center back zipper</span></li></ul>', '<p><span style=\"color: rgb(51, 51, 51); font-size: 14px;\">This is a sample text for conditions.</span><br></p>', '<p><span style=\"margin: 0px; padding: 0px; color: rgb(32, 33, 36); font-family: arial, sans-serif; font-size: 16px;\">Offers a</span><span style=\"margin: 0px; padding: 0px; color: rgb(32, 33, 36); font-family: arial, sans-serif; font-size: 16px;\">15 to 30-day window</span><span style=\"margin: 0px; padding: 0px; color: rgb(32, 33, 36); font-family: arial, sans-serif; font-size: 16px;\">in which customers can return a product and ask for a refund. Some businesses extend that period up to 90 days. Regardless of the time frame you choose, ensuring that you actually have a time frame is essential.</span><br></p>', 11, 1, 1, 79),
(104, 'Azithromycin', '150', '150', 200, 'product-featured-104.jpg', '<p>Azithromycin belongs to a class of antibiotics called macrolides that \r\nare bacteriostatic. Meaning, azithromycin kills the bacteria by stopping\r\n it from multiplying. <br></p>', '', '<p>Keep in mind that all of the above infections are bacterial. \r\nAzithromycin will not work against viral infections such as common \r\ncolds, flu, and other viral infections. <br></p>', '', '<p>You can return in 15-30 days<br></p>', 0, 1, 1, 79),
(105, 'Ciprofloxacin', '200', '200', 48, 'product-featured-105.jpg', '<p>Ciprofloxacin is an antibiotic used to treat skin infections, acute \r\nsinusitis, bone and joint infections, infectious diarrhea, complicated \r\nintraabdominal infections, typhoid fever etc.<br></p>', '<p>Ciprofloxacin is available in oral tablet and liquid form</p>', '<p>The usual adult dose of ciprofloxacin is 500 mg to 750 mg every 12 hours for anywhere from 3 days to 8 weeks, depending on the type of infection. <br></p>', '', '', 3, 1, 1, 79),
(106, 'Cefaclor ', '120', '120', 200, 'product-featured-106.jpg', '<p>Cefaclor 500mg is an antibiotic used to treat infections caused by bacteria</p>', '', '<p>Cefaclor 500mg is effective in the following diseases: <br> Lower respiratory tract infections: Including pneumonia, caused by Streptococcus pneumoniae, Haemophilus influenzae etc.</p>', '', '', 3, 1, 1, 78),
(107, 'Cefalexin', '300', '250', 18, 'product-featured-107.jpg', '<p>Cefalexin is an antibiotic. It belongs to a group of <a href=\"https://www.nhs.uk/conditions/antibiotics/\">antibiotics</a> called cephalosporins.</p>', '', '<ul><li data-block-key=\"nbcqo\">You\'ll usually start to feel better in a few days, depending on the type of infection you have.</li><li data-block-key=\"3ihse\">The most common side effects of cefalexin are feeling sick (nausea) and diarrhoea.</li><li data-block-key=\"cpls5\">Do not take zinc supplements while you\'re taking cefalexin. Zinc can affect how cefalexin works in your body.</li></ul><p></p>', '', '', 7, 1, 1, 78),
(109, 'Ace', '30', '20', 196, 'product-featured-109.jpg', '', '', '', '', '', 3, 1, 1, 68),
(110, 'Morphine', '20', '20', 21, 'product-featured-110.jpg', '<p>used to help relieve severe ongoing pain (such as due to <a href=\"https://www.webmd.com/cancer/health-check-cancer-risk/default.htm\" class=\"crossLinked\">cancer</a>). <a href=\"https://www.webmd.com/drugs/2/drug-3891/morphine+injection/details\" class=\"crossLinked\">Morphine</a> belongs to a class of drugs known as <a href=\"https://www.webmd.com/pain-management/narcotic-pain-medications\" class=\"crossLinked\">opioid</a> analgesics. </p>', '', '<p>Take this medication on a regular schedule as directed by your doctor, \r\nnot as needed for sudden (breakthrough) pain. Take this drug with or \r\nwithout food, usually once daily (every 24 hours). </p>', '', '', 0, 1, 1, 67),
(111, 'Advil', '45', '40', 20, 'product-featured-111.jpg', '<p>Advil has provided safe, effective pain relief for over 35+ years.</p>', '', '<p>headache, muscle aches, backaches, menstrual pain, minor arthritis and \r\nother joint pain, or aches and pains from the common cold, nothing\'s \r\nstronger when used as directed.</p>', '', '', 0, 1, 1, 70),
(112, 'Tramadol', '20', '20', 5, 'product-featured-112.jpg', '<p>used to help relieve moderate to moderately severe pain. <a href=\"https://www.webmd.com/drugs/mono-5239-TRAMADOL+-+ORAL.aspx?drugid=4398&amp;drugname=tramadol+oral\" class=\"crossLinked\">Tramadol</a> belongs to a class of drugs known as <a href=\"https://www.webmd.com/pain-management/narcotic-pain-medications\" class=\"crossLinked\">opioid</a> analgesics. It works in the brain to change how your body feels and responds to pain.</p>', '', '<p>Take this medication by <a href=\"https://www.webmd.com/oral-health/anatomy-of-the-mouth\" class=\"crossLinked\">mouth</a>\r\n as directed by your doctor, usually up to every 4 to 6 hours as needed \r\nfor pain relief. You may take this drug with or without food. If you \r\nhave <a href=\"https://www.webmd.com/digestive-disorders/digestive-diseases-nausea-vomiting\" class=\"crossLinked\">nausea</a>, it may help to take this drug with food. </p>', '', '', 0, 1, 1, 67),
(113, 'Baclofen', '40', '40', 5, 'product-featured-113.jpg', '<p>Baclofen tablets are a muscle relaxant that treats muscle spasms. It relaxes your muscles, which reduces muscle stiffness.</p>', '', '<p> It works by relaxing your muscles, which reduces muscle stiffness. It \r\nbelongs to a group of medications called muscle relaxants.</p>', '', '', 0, 1, 1, 72),
(115, 'Rhinoscope', '700', '700', 10, 'product-featured-115.jpg', '<p>A <b>rhinoscope</b> (or <b>nasoscope</b>) is a thin, tube-like instrument used to examine the inside of the <a href=\"https://en.wikipedia.org/wiki/Human_nose\" title=\"Human nose\">nose</a>. A rhinoscope has a light and a lens for viewing and may have a tool to remove tissue.</p>', '', '<p>47 Flexible rhinoscopes are employed regularly by \r\notorhinolaryngologists, as well as some allergists and primary care \r\nphysicians, and provide an enhanced view of structures in the superior \r\nand posterior regions of the nose.</p>', '', '', 1, 1, 1, 57),
(116, 'Oto-endoscope', '200', '100', 230, 'product-featured-116.jpg', '<p>Oto EndoscopeInstrument is made-up under the administration of \r\nwell-versed employees with the support of ultramodern tools and by \r\nemploying optimum quality material as per the industrial detailed \r\nguidelines. </p>', '', '<ul><li style=\"text-align: justify;\">t helps to visualize the whole tympanic membrane and ear canal without any prevention.</li><li style=\"text-align: justify;\">It allows to enlargement of the \r\noperative field in the trans canal procedures. These structures are \r\nusually stay hidden under the microscope.</li><li style=\"text-align: justify;\">It also visualizes the structures of the ear canal from multiple angles.</li><li style=\"text-align: justify;\">Operative time and post-operative pain are low.</li><li style=\"text-align: justify;\">It allows you to get sharp quality and clear images with high resolution.</li></ul><p></p>', '', '', 3, 1, 1, 57),
(117, 'Pharyngoscope', '600', '540', 12, 'product-featured-117.jpg', '<p>Employed to examine the pharynx, which is the area at the back of the throat.</p>', '', '', '', '', 0, 0, 1, 57),
(118, 'asal Polyp Forceps', '100', '90', 5, 'product-featured-118.jpg', '<p>Surgical instruments used to remove nasal polyps and other growths within the nasal passages.</p>', '', '<p><span class=\"ILfuVd\" lang=\"en\"><span class=\"hgKElc\"><b>assist surgeons to remove polyps from nasal cavities</b>. This helps treat conditions like nasal bleeding and discharge. It can also remove nasal tumors</span></span></p>', '', '', 4, 1, 1, 58),
(119, 'Otoscope', '430', '420', 24, 'product-featured-119.jpg', '<p>An otoscope is a tool which shines a beam of light to help visualize and\r\n examine the condition of the ear canal and eardrum. Examining the ear \r\ncan reveal the cause of symptoms such as an earache, the ear feeling \r\nfull, or hearing loss.</p>', '', '<p><span class=\"ILfuVd\" lang=\"en\"><span class=\"hgKElc\">Examining the ear can reveal the cause of symptoms such as an earache, the ear feeling full, or hearing loss.</span></span></p>', '', '', 0, 1, 1, 59),
(120, 'Ear Specula', '60', '55', 7, 'product-featured-120.jpg', '<p><span class=\"ILfuVd\" lang=\"en\"><span class=\"hgKElc\">A funnel shaped \r\npiece of plastic on a light source that is inserted into the auditory \r\ncanal of the ear, allowing the examiner to look at the ear canal and ear\r\n drum.</span></span></p>', '', '<p>Children get ear infections about two out of every three times they have\r\n a cold. Children are more prone to ear infections because their small \r\nears do not drain fluid as well as adult ears. Kids\' immune systems are \r\nalso immature, and this increases the likelihood of certain infections.</p>', '', '', 0, 1, 1, 59),
(121, 'Blood Pressure Monitors', '690', '580', 3, 'product-featured-121.jpg', '<p>Home blood pressure monitoring is essential to preventing heart disease and strokes</p>', '', '<p>making sure the blood pressure monitors we manufacture are \r\nportable and easy to use. Most importantly, our blood pressure monitors \r\nare recommended by doctors for providing accurate results.</p>', '', '', 0, 1, 1, 56),
(122, 'Thermometer', '120', '100', 0, 'product-featured-122.jpg', '<p><span class=\"ILfuVd\" lang=\"en\"><span class=\"hgKElc\"><b>t</b>hermometer is an instrument that measures temperature</span></span></p>', '', '<p>Use for <span class=\"ILfuVd\" lang=\"en\"><span class=\"hgKElc\"> checking temperature at home.</span></span></p>', '', '', 0, 1, 1, 56),
(123, 'Hemoglobin A1c analyzers', '370', '370', 6, 'product-featured-123.jpg', '<p>simple blood test that measures a persons average blood sugar level over the previous 3 months</p>', '', '<p>&nbsp;a blood glucose test, a person checks how much sugar  or glucose  is\r\n in their blood. They can do this at home with a fingerprick test or \r\nthrough a wearable monitor.</p>', '', '', 0, 1, 1, 80),
(124, 'Coagulation analyzers', '410', '400', 4, 'product-featured-124.jpg', '<p>nstruments that test blood samples to determine the coagulation time of \r\nthe blood. Products include handheld analyzers, test strips, capillary \r\ntubes, and cuvettes.\r\n                                        </p>', '', '<p>Blood Coagulation analyzers (WBCAs) are widely used point-of-care (POC) \r\ntesting devices found primarily in cardiothoracic surgical suites and \r\ncardia catheterization laboratories. Most of these devices can perform a\r\n number of coagulation tests that provide information about a patient\'s \r\nblood clotting status.</p>', '', '', 0, 1, 1, 80),
(125, 'Argon lasers', '800', '720', 3, 'product-featured-125.jpg', '<p><span class=\"ILfuVd\" lang=\"en\"><span class=\"hgKElc\">Argon laser treatment can be used to treat a number of eye conditions including glaucoma, diabetic eye disease and some retinal holes and tears. </span></span></p>', '', '<p><span class=\"ILfuVd\" lang=\"en\"><span class=\"hgKElc\">This is used to seal leaking retinal blood vessels in diabetic retinopathy and retinal vein occlusions and to seal retinal tears.</span></span></p>', '', '', 0, 1, 1, 81),
(126, 'Bitewing X-rays', '1000', '900', 1, 'product-featured-126.jpg', '<p><span class=\"ILfuVd NA6bn\" lang=\"en\"><span class=\"hgKElc\">A bitewing x-ray is used to look at one specific area of your mouth.<b> </b>Your dentist may request one or multiple bitewing x-rays during your check-up.</span></span></p>', '', '<p> If your dentist uses traditional x-rays, you will be asked to bite down\r\n on a piece of plastic that holds the x-ray film against your upper and \r\nlower teeth. If your dentist uses digital x-rays, you will be asked to \r\nbite down on a little box thats wrapped in plastic. <br></p>', '', '', 4, 1, 1, 39),
(127, ' Diodes Laser', '2500', '2500', 2, 'product-featured-127.jpg', '<p><span class=\"ILfuVd\" lang=\"en\"><span class=\"hgKElc\">Laser diodes are the most common type of lasers produced, with a wide range of uses that include fiber\r\n optic communications, barcode readers, laser pointers, CD/DVD/Blu-ray \r\ndisc reading/recording, laser printing, laser scanning and light beam \r\nillumination.</span></span></p>', '', '<p>While initial diode laser research was conducted on simple PN diodes, \r\nall modern lasers use the double-hetero-structure implementation, where \r\nthe carriers and the photons are confined in order to maximize their \r\nchances for recombination and light generation.</p>', '', '', 0, 1, 1, 40),
(128, 'Dental Mirror', '20', '20', 8, 'product-featured-128.jpg', '<p><span class=\"ILfuVd\" lang=\"en\"><span class=\"hgKElc\"> Dental mirrors are also known as mouth mirrors or stomatoscopes, consisting of a mirror head and handle.</span></span></p>', '', '<p><span class=\"ILfuVd\" lang=\"en\"><span class=\"hgKElc\">The tooth to be examined is within focal length of mirror and forms magnified image which helps doctor too examine tooth easily.</span></span></p>', '', '', 0, 1, 1, 41),
(129, 'Invisalign', '1300', '1200', 2, 'product-featured-129.jpg', '<p>Invisalign is the brand name of a type of thin clear aligner used in \r\northodontic treatment. The aligner is made from a flexible thermoplastic\r\n material named SmartTrack. </p>', '', '<p>Invisalign can be used for a variety of purposes, including crowding and\r\n spacing issues, as well as some mild and moderate bite issues. </p>', '', '', 0, 1, 1, 44),
(130, 'Ultrasonic Cleaner', '3000', '2900', 9, 'product-featured-130.jpg', '', '<p> ultrasonic cleaning machine is to convert the sound energy of the \r\nultrasonic frequency source into mechanical vibration through the \r\ntransducer. </p>', '<p>Ultrasonic cleaning uses <a href=\"https://en.wikipedia.org/wiki/Cavitation\" title=\"Cavitation\">cavitation</a>\r\n bubbles induced by high-frequency pressure (sound) waves to agitate a \r\nliquid. The agitation produces high forces on contaminants adhering to \r\nsubstrates like metals, plastics, glass, rubber, and ceramics. </p>', '', '', 0, 1, 1, 45),
(131, 'Partial Knee Replacement Implant', '4000', '4000', 2, 'product-featured-131.jpg', '<p>Partial knee replacement is where the bone surfaces of only one \r\ncompartment of the knee joint are removed and replaced with implants, as\r\n compared to that of multiple compartments in the case of a total knee \r\nreplacement.</p>', '', '<p>Partial knee replacement is appropriate for patients with arthritis that\r\n is confined to a single compartment of the knee and is generally \r\nrestricted to patients who are not morbidly obese (BMI greater than 40).\r\n The surgery is not appropriate for patients with marked stiffness in \r\nthe knee or for those with a significant angular deformity. </p>', '', '', 0, 1, 1, 47),
(132, 'Retinal Implants', '4500', '4200', 65, 'product-featured-132.jpg', '<p><span class=\"ILfuVd\" lang=\"en\"><span class=\"hgKElc\">Retinal implant devices provide\r\n electric stimulation to these remaining nerve cells that transmit the \r\nsignals along their axons, which form the optic nerve, to the visual \r\ncortex in the brain.</span></span></p>', '', '<p><span class=\"u-font-serif text-s\">Retina implants stimulate the \r\nremaining retinal nerve cells of blind patients electrically. Electric \r\ncharges need to be applied at different locations on the retina to \r\ncreate an image perception. Electrode arrays are therefore used that \r\nconsist of a number of electrodes, which are distributed over a certain \r\narea of the retina.</span></p>', '', '', 0, 1, 1, 48),
(133, 'Spinal Cord Stimulators', '1100', '1000', 4, 'product-featured-133.jpg', '<p>Spinal cord stimulation is used most often after nonsurgical pain treatment options have failed to provide sufficient relief.</p>', '', '<p>Spinal cord stimulators consist of thin wires (the electrodes) and a small, pacemaker-like battery pack (the generator). The electrodes are placed between the spinal cord and the vertebrae (the epidural space),\r\n and the generator is placed under the skin, usually near the buttocks \r\nor abdomen. Spinal cord stimulators allow patients to send the \r\nelectrical impulses using a remote control when they feel pain. Both the\r\n remote control and its antenna are outside the body.</p>', '', '', 0, 1, 1, 49),
(134, 'Stethoscope', '500', '400', 5, 'product-featured-134.jpg', '<p><strong>stethoscope</strong>,   medical instrument used in listening to sounds produced within the body, chiefly in the heart or lungs<a href=\"https://www.britannica.com/science/auscultation\" class=\"md-crosslink\" data-show-preview=\"true\">.</a></p>', '', '<p> In listening to <b><span id=\"ref290497\"></span></b><a href=\"https://www.britannica.com/science/heart-sound\" class=\"md-crosslink\" data-show-preview=\"true\">heart sounds</a>,\r\n in particular, it is necessary to use both a bell-shaped, open-ended \r\nchest piece, which transmits low-pitched sounds well, and the flat chest\r\n piece covered with a semirigid disk (diaphragm type) that detects \r\nsounds of higher frequency.</p>', '', '', 0, 1, 1, 55),
(135, 'Stethoscope', '500', '400', 5, 'product-featured-135.jpg', '<p><strong>stethoscope</strong>,   medical instrument used in listening to sounds produced within the body, chiefly in the heart or lungs<a href=\"https://www.britannica.com/science/auscultation\" class=\"md-crosslink\" data-show-preview=\"true\">.</a></p>', '', '<p> In listening to <b><span id=\"ref290497\"></span></b><a href=\"https://www.britannica.com/science/heart-sound\" class=\"md-crosslink\" data-show-preview=\"true\">heart sounds</a>,\r\n in particular, it is necessary to use both a bell-shaped, open-ended \r\nchest piece, which transmits low-pitched sounds well, and the flat chest\r\n piece covered with a semirigid disk (diaphragm type) that detects \r\nsounds of higher frequency.</p>', '', '', 0, 1, 1, 55),
(136, 'Weighing scale', '300', '280', 22, 'product-featured-136.jpg', '<p>A scale or balance is a device used to measure <a href=\"https://en.wikipedia.org/wiki/Weight\" title=\"Weight\">weight</a> or <a href=\"https://en.wikipedia.org/wiki/Mass\" title=\"Mass\">mass</a>. These are also known as mass scales, weight scales, mass balances, and weight balances.\r\n</p>', '', '', '', '', 4, 0, 1, 55),
(137, 'Anesthesia Machine', '7000', '6500', 3, 'product-featured-137.jpg', '<p>The most important piece of equipment that the anaesthesiologist uses is\r\n the anaesthesia machine. Safe use of anaesthesia machine depends upon \r\nan interaction between the basic design of the machine with its safety \r\nfeatures and the knowledge and skills of the anaesthesiologist. </p>', '', '', '', '', 3, 0, 1, 54),
(139, 'Ketamine', '160', '150', 5, 'product-featured-139.jpg', '<p> A dissociative anesthetic used for induction and maintenance of anesthesia.</p>', '', '<p>Ketamine injection is used alone or together with other medicines to produce loss of consciousness before and during surgery or a medical procedure. It belongs to the group of medicines called general anesthetics. <br></p>', '', '', 0, 1, 1, 26),
(140, 'Cisplatin', '650', '600', 20, 'product-featured-140.jpg', '<p>Used for a wide range of cancer types, including testicular, ovarian, and bladder cancer.</p>', '', '<p>It targets fast dividing cells, like cancer cells, and causes these \r\ncells to die. This medicine is used to treat many types of cancer like \r\nbladder, ovarian, and testicular cancers.</p>', '', '', 0, 1, 1, 27),
(141, 'Saline ', '60', '60', 9, 'product-featured-141.jpg', '<p>Normal <a href=\"https://www.rxlist.com/saline/definition.htm\" rel=\"dict\">Saline</a> (sodium chloride) Injection is a fluid and <a href=\"https://www.rxlist.com/electrolyte/definition.htm\" rel=\"dict\">electrolyte</a> replenisher used as a source of water and electrolytes. Normal Saline is available in <a href=\"https://www.rxlist.com/generic/definition.htm\" rel=\"dict\">generic</a> form.</p>', '', '<p>Dosage of Normal Saline is dependent upon the age, weight and clinical \r\ncondition of the patient as well as laboratory determinations.</p>', '', '', 0, 1, 1, 28),
(143, 'Ketorolac ', '100', '100', 200, 'product-featured-143.jpeg', '<p>A non-steroidal anti-inflammatory drug (NSAID) used for short-term pain relief, typically after surgery or injury.</p>', '', '<p>Ketorolac is used to relieve moderately severe pain in adults, usually \r\nafter surgery. Ketorolac is in a class of medications called NSAIDs. It \r\nworks by stopping the body\'s production of a substance that causes pain,\r\n fever, and inflammation.</p>', '', '', 1, 1, 1, 30),
(144, 'Penicillin G', '540', '500', 34, 'product-featured-144.jpg', '<p>A natural penicillin antibiotic used to treat a variety of bacterial infections.</p>', '', '<p><span class=\"ILfuVd\" lang=\"en\"><span class=\"hgKElc\">Penicillin G benzathine injection is used to treat bacterial infections\r\n (eg, mild to moderate infections of the upper respiratory tract, \r\nsyphilis, yaws, bejel, pinta). It is also used to prevent rheumatic \r\nfever, chorea, rheumatic heart disease, or acute glomerulonephritis. \r\nThis medicine is an antibiotic</span></span></p>', '', '', 0, 0, 1, 31),
(145, 'Montelukast ', '180', '160', 78, 'product-featured-145.jpg', '<p>Used to treat asthma and allergic rhinitis</p>', '', '<p><span class=\"ILfuVd\" lang=\"en\"><span class=\"hgKElc\">Montelukast is used to prevent wheezing, difficulty breathing, chest tightness, and coughing caused by asthma\r\n in adults and children 12 months of age and older. Montelukast is also \r\nused to prevent bronchospasm (breathing difficulties) during exercise in\r\n adults and children 6 years of age and older</span></span></p>', '', '', 0, 0, 1, 63),
(146, 'Ketotifen', '50', '40', 5, 'product-featured-146.jpg', '<p><span class=\"ILfuVd\" lang=\"en\"><span class=\"hgKElc\">Ketotifen is a type of asthma medication\r\n which, when taken every day and used along with other antiasthma \r\nmedications, may reduce the frequency, severity, and duration of asthma \r\nsymptoms or attacks in children. </span></span></p>', '', '<p>Certain medicines should not be used at or around the time of eating \r\nfood or eating certain types of food since interactions may occur.  \r\nUsing alcohol or tobacco with certain medicines may also cause \r\ninteractions to occur.</p>', '', '', 0, 0, 1, 62),
(149, 'Baclofen', '330', '300', 3, 'product-featured-149.jpg', '', '', '', '', '', 0, 0, 1, 30),
(150, 'Aspirin', '40', '30', 45, 'product-featured-150.jpg', '', '', '', '', '', 0, 1, 1, 79);

-- --------------------------------------------------------

--
-- Table structure for table `tbl_product_photo`
--

CREATE TABLE `tbl_product_photo` (
  `pp_id` int(11) NOT NULL,
  `photo` varchar(255) NOT NULL,
  `p_id` int(11) NOT NULL
) ENGINE=InnoDB DEFAULT CHARSET=latin1 COLLATE=latin1_swedish_ci;

--
-- Dumping data for table `tbl_product_photo`
--

INSERT INTO `tbl_product_photo` (`pp_id`, `photo`, `p_id`) VALUES
(106, '106.jpg', 83),
(107, '107.jpg', 83),
(110, '110.jpg', 85),
(111, '111.jpg', 85),
(112, '112.jpg', 86),
(113, '113.jpg', 86),
(116, '116.jpg', 88),
(117, '117.jpg', 88),
(118, '118.jpg', 89),
(119, '119.jpg', 89),
(120, '120.jpg', 90),
(121, '121.jpg', 91),
(127, '127.jpg', 96),
(129, '129.jpg', 98),
(130, '130.jpg', 98),
(131, '131.jpg', 100),
(132, '132.jpg', 102);

-- --------------------------------------------------------

--
-- Table structure for table `tbl_product_power`
--

CREATE TABLE `tbl_product_power` (
  `id` int(11) NOT NULL,
  `power_id` int(11) NOT NULL,
  `p_id` int(11) NOT NULL
) ENGINE=InnoDB DEFAULT CHARSET=latin1 COLLATE=latin1_swedish_ci;

--
-- Dumping data for table `tbl_product_power`
--

INSERT INTO `tbl_product_power` (`id`, `power_id`, `p_id`) VALUES
(69, 1, 4),
(70, 4, 4),
(77, 6, 6),
(82, 2, 12),
(83, 9, 13),
(84, 3, 14),
(85, 2, 15),
(86, 6, 15),
(87, 3, 16),
(88, 3, 17),
(89, 2, 18),
(90, 3, 19),
(91, 1, 20),
(92, 8, 21),
(93, 2, 22),
(94, 2, 23),
(95, 2, 25),
(96, 5, 26),
(97, 2, 27),
(98, 4, 27),
(99, 5, 28),
(100, 7, 29),
(101, 10, 30),
(102, 11, 31),
(103, 14, 32),
(105, 2, 34),
(106, 1, 35),
(107, 3, 36),
(109, 6, 38),
(110, 2, 39),
(111, 11, 42),
(149, 3, 10),
(150, 6, 9),
(151, 3, 8),
(152, 7, 7),
(159, 2, 77),
(163, 17, 79),
(164, 2, 78),
(167, 3, 80),
(168, 2, 81),
(172, 1, 82),
(173, 2, 82),
(174, 4, 82),
(201, 2, 86),
(202, 6, 86),
(203, 17, 86),
(223, 21, 85),
(224, 22, 85),
(225, 23, 85),
(226, 1, 83),
(227, 2, 83),
(228, 3, 83),
(229, 4, 83),
(230, 5, 83),
(231, 6, 83),
(232, 8, 83),
(233, 14, 83),
(234, 17, 83),
(235, 18, 83),
(236, 12, 89),
(237, 27, 91),
(241, 2, 88),
(242, 8, 88),
(243, 17, 88),
(244, 2, 90),
(245, 6, 90),
(246, 25, 90),
(247, 27, 90),
(248, 28, 90),
(253, 5, 96),
(254, 24, 96),
(262, 5, 98),
(264, 14, 100),
(268, 2, 102),
(274, 2, 104),
(281, 2, 105),
(282, 7, 106),
(283, 7, 107),
(285, 7, 109);

-- --------------------------------------------------------

--
-- Table structure for table `tbl_product_unit`
--

CREATE TABLE `tbl_product_unit` (
  `id` int(11) NOT NULL,
  `unit_id` int(11) NOT NULL,
  `p_id` int(11) NOT NULL
) ENGINE=InnoDB DEFAULT CHARSET=latin1 COLLATE=latin1_swedish_ci;

--
-- Dumping data for table `tbl_product_unit`
--

INSERT INTO `tbl_product_unit` (`id`, `unit_id`, `p_id`) VALUES
(44, 1, 6),
(56, 8, 12),
(57, 9, 12),
(58, 10, 12),
(59, 11, 12),
(60, 12, 12),
(61, 13, 12),
(62, 9, 13),
(63, 11, 13),
(64, 13, 13),
(65, 15, 13),
(66, 9, 14),
(67, 11, 14),
(68, 12, 14),
(69, 13, 14),
(70, 9, 15),
(71, 11, 15),
(72, 13, 15),
(73, 15, 16),
(74, 16, 16),
(75, 17, 16),
(76, 16, 17),
(77, 17, 17),
(78, 14, 18),
(79, 15, 18),
(80, 16, 18),
(81, 17, 18),
(82, 15, 19),
(83, 16, 19),
(84, 17, 19),
(85, 14, 20),
(86, 15, 20),
(87, 17, 20),
(88, 15, 21),
(89, 17, 21),
(90, 15, 22),
(91, 16, 22),
(92, 17, 22),
(93, 15, 23),
(94, 16, 23),
(95, 17, 23),
(96, 18, 25),
(97, 19, 25),
(98, 20, 25),
(99, 21, 25),
(100, 19, 26),
(101, 21, 26),
(102, 22, 26),
(103, 23, 26),
(104, 19, 27),
(105, 20, 27),
(106, 21, 27),
(107, 22, 27),
(108, 19, 28),
(109, 20, 28),
(110, 21, 28),
(111, 19, 29),
(112, 20, 29),
(113, 22, 29),
(114, 1, 30),
(115, 2, 30),
(116, 3, 30),
(117, 4, 30),
(118, 23, 31),
(119, 26, 32),
(123, 2, 34),
(124, 2, 35),
(125, 2, 36),
(126, 3, 36),
(129, 2, 38),
(130, 3, 38),
(131, 4, 38),
(132, 5, 38),
(133, 27, 39),
(134, 8, 42),
(210, 3, 10),
(211, 4, 10),
(212, 5, 10),
(213, 6, 10),
(214, 3, 9),
(215, 4, 9),
(216, 3, 8),
(217, 4, 8),
(218, 2, 7),
(219, 3, 7),
(220, 4, 7),
(249, 1, 79),
(250, 2, 79),
(251, 3, 79),
(252, 1, 78),
(253, 2, 78),
(254, 3, 78),
(255, 4, 78),
(256, 5, 78),
(259, 26, 80),
(262, 3, 82),
(263, 4, 82),
(305, 26, 86),
(340, 15, 85),
(341, 16, 85),
(342, 17, 85),
(343, 18, 85),
(344, 19, 85),
(345, 20, 85),
(346, 21, 85),
(347, 22, 85),
(348, 23, 85),
(349, 24, 85),
(350, 25, 85),
(351, 1, 83),
(352, 2, 83),
(353, 3, 83),
(354, 4, 83),
(355, 5, 83),
(356, 6, 83),
(357, 7, 83),
(358, 3, 89),
(359, 4, 89),
(360, 5, 89),
(361, 6, 89),
(362, 7, 89),
(363, 2, 91),
(364, 3, 91),
(365, 4, 91),
(366, 5, 91),
(367, 6, 91),
(370, 3, 88),
(371, 4, 88),
(372, 5, 88),
(373, 6, 88),
(374, 7, 88),
(375, 1, 90),
(376, 2, 90),
(377, 3, 90),
(378, 4, 90),
(381, 3, 96),
(382, 4, 96),
(383, 5, 96),
(384, 6, 96),
(385, 7, 96),
(430, 4, 98),
(431, 5, 98),
(432, 6, 98),
(433, 7, 98),
(436, 3, 100),
(437, 4, 100),
(438, 5, 100),
(439, 6, 100),
(448, 42, 102),
(449, 43, 102),
(450, 44, 102),
(451, 45, 102),
(452, 46, 102),
(453, 47, 102),
(459, 2, 104);

-- --------------------------------------------------------

--
-- Table structure for table `tbl_rating`
--

CREATE TABLE `tbl_rating` (
  `rt_id` int(11) NOT NULL,
  `p_id` int(11) NOT NULL,
  `cust_id` int(11) NOT NULL,
  `comment` text NOT NULL,
  `rating` int(11) NOT NULL
) ENGINE=InnoDB DEFAULT CHARSET=latin1 COLLATE=latin1_swedish_ci;

-- --------------------------------------------------------

--
-- Table structure for table `tbl_service`
--

CREATE TABLE `tbl_service` (
  `id` int(11) NOT NULL,
  `title` varchar(255) NOT NULL,
  `content` text NOT NULL,
  `photo` varchar(255) NOT NULL
) ENGINE=InnoDB DEFAULT CHARSET=latin1 COLLATE=latin1_swedish_ci;

--
-- Dumping data for table `tbl_service`
--

INSERT INTO `tbl_service` (`id`, `title`, `content`, `photo`) VALUES
(5, 'Easy Returns', 'Return any item before 15 days!', 'service-5.png'),
(6, 'Free Shipping', 'Enjoy free shipping inside US.', 'service-6.png'),
(7, 'Fast Shipping', 'Items are shipped within 24 hours.', 'service-7.png'),
(8, 'Satisfaction Guarantee', 'We guarantee you with our quality satisfaction.', 'service-8.png'),
(9, 'Secure Checkout', 'Providing Secure Checkout Options for all', 'service-9.png'),
(10, 'Money Back Guarantee', 'Offer money back guarantee on our products', 'service-10.png');

-- --------------------------------------------------------

--
-- Table structure for table `tbl_settings`
--

CREATE TABLE `tbl_settings` (
  `id` int(11) NOT NULL,
  `logo` varchar(255) NOT NULL,
  `favicon` varchar(255) NOT NULL,
  `footer_about` text NOT NULL,
  `footer_copyright` text NOT NULL,
  `contact_address` text NOT NULL,
  `contact_email` varchar(255) NOT NULL,
  `contact_phone` varchar(255) NOT NULL,
  `contact_fax` varchar(255) NOT NULL,
  `contact_map_iframe` text NOT NULL,
  `receive_email` varchar(255) NOT NULL,
  `receive_email_subject` varchar(255) NOT NULL,
  `receive_email_thank_you_message` text NOT NULL,
  `forget_password_message` text NOT NULL,
  `total_recent_post_footer` int(10) NOT NULL,
  `total_popular_post_footer` int(10) NOT NULL,
  `total_recent_post_sidebar` int(11) NOT NULL,
  `total_popular_post_sidebar` int(11) NOT NULL,
  `total_featured_product_home` int(11) NOT NULL,
  `total_latest_product_home` int(11) NOT NULL,
  `total_popular_product_home` int(11) NOT NULL,
  `meta_title_home` text NOT NULL,
  `meta_keyword_home` text NOT NULL,
  `meta_description_home` text NOT NULL,
  `banner_login` varchar(255) NOT NULL,
  `banner_registration` varchar(255) NOT NULL,
  `banner_forget_password` varchar(255) NOT NULL,
  `banner_reset_password` varchar(255) NOT NULL,
  `banner_search` varchar(255) NOT NULL,
  `banner_cart` varchar(255) NOT NULL,
  `banner_checkout` varchar(255) NOT NULL,
  `banner_product_category` varchar(255) NOT NULL,
  `banner_blog` varchar(255) NOT NULL,
  `cta_title` varchar(255) NOT NULL,
  `cta_content` text NOT NULL,
  `cta_read_more_text` varchar(255) NOT NULL,
  `cta_read_more_url` varchar(255) NOT NULL,
  `cta_photo` varchar(255) NOT NULL,
  `featured_product_title` varchar(255) NOT NULL,
  `featured_product_subtitle` varchar(255) NOT NULL,
  `latest_product_title` varchar(255) NOT NULL,
  `latest_product_subtitle` varchar(255) NOT NULL,
  `popular_product_title` varchar(255) NOT NULL,
  `popular_product_subtitle` varchar(255) NOT NULL,
  `testimonial_title` varchar(255) NOT NULL,
  `testimonial_subtitle` varchar(255) NOT NULL,
  `testimonial_photo` varchar(255) NOT NULL,
  `blog_title` varchar(255) NOT NULL,
  `blog_subtitle` varchar(255) NOT NULL,
  `newsletter_text` text NOT NULL,
  `paypal_email` varchar(255) NOT NULL,
  `stripe_public_key` varchar(255) NOT NULL,
  `stripe_secret_key` varchar(255) NOT NULL,
  `bank_detail` text NOT NULL,
  `before_head` text NOT NULL,
  `after_body` text NOT NULL,
  `before_body` text NOT NULL,
  `home_service_on_off` int(11) NOT NULL,
  `home_welcome_on_off` int(11) NOT NULL,
  `home_featured_product_on_off` int(11) NOT NULL,
  `home_latest_product_on_off` int(11) NOT NULL,
  `home_popular_product_on_off` int(11) NOT NULL,
  `home_testimonial_on_off` int(11) NOT NULL,
  `home_blog_on_off` int(11) NOT NULL,
  `newsletter_on_off` int(11) NOT NULL,
  `ads_above_welcome_on_off` int(1) NOT NULL,
  `ads_above_featured_product_on_off` int(1) NOT NULL,
  `ads_above_latest_product_on_off` int(1) NOT NULL,
  `ads_above_popular_product_on_off` int(1) NOT NULL,
  `ads_above_testimonial_on_off` int(1) NOT NULL,
  `ads_category_sidebar_on_off` int(1) NOT NULL
) ENGINE=InnoDB DEFAULT CHARSET=latin1 COLLATE=latin1_swedish_ci;

--
-- Dumping data for table `tbl_settings`
--

INSERT INTO `tbl_settings` (`id`, `logo`, `favicon`, `footer_about`, `footer_copyright`, `contact_address`, `contact_email`, `contact_phone`, `contact_fax`, `contact_map_iframe`, `receive_email`, `receive_email_subject`, `receive_email_thank_you_message`, `forget_password_message`, `total_recent_post_footer`, `total_popular_post_footer`, `total_recent_post_sidebar`, `total_popular_post_sidebar`, `total_featured_product_home`, `total_latest_product_home`, `total_popular_product_home`, `meta_title_home`, `meta_keyword_home`, `meta_description_home`, `banner_login`, `banner_registration`, `banner_forget_password`, `banner_reset_password`, `banner_search`, `banner_cart`, `banner_checkout`, `banner_product_category`, `banner_blog`, `cta_title`, `cta_content`, `cta_read_more_text`, `cta_read_more_url`, `cta_photo`, `featured_product_title`, `featured_product_subtitle`, `latest_product_title`, `latest_product_subtitle`, `popular_product_title`, `popular_product_subtitle`, `testimonial_title`, `testimonial_subtitle`, `testimonial_photo`, `blog_title`, `blog_subtitle`, `newsletter_text`, `paypal_email`, `stripe_public_key`, `stripe_secret_key`, `bank_detail`, `before_head`, `after_body`, `before_body`, `home_service_on_off`, `home_welcome_on_off`, `home_featured_product_on_off`, `home_latest_product_on_off`, `home_popular_product_on_off`, `home_testimonial_on_off`, `home_blog_on_off`, `newsletter_on_off`, `ads_above_welcome_on_off`, `ads_above_featured_product_on_off`, `ads_above_latest_product_on_off`, `ads_above_popular_product_on_off`, `ads_above_testimonial_on_off`, `ads_category_sidebar_on_off`) VALUES
(1, 'logo.jpg', 'favicon.png', '<p>Lorem ipsum dolor sit amet, omnis signiferumque in mei, mei ex enim concludaturque. Senserit salutandi euripidis no per, modus maiestatis scribentur est an.Ea suas pertinax has.</p>\r\n', 'Copyright  2023 - Healthhub E-pharmacy - Developed By Arabi Binta Akash', 'Narayangonj,1400', 'healthhub@e-pharmacy.com', '+8801523467001', '', '<iframe src=\"https://www.google.com/maps/embed?pb=!1m18!1m12!1m3!1d116961.14726926423!2d90.41025129485496!3d23.638887050986245!2m3!1f0!2f0!3f0!3m2!1i1024!2i768!4f13.1!3m3!1m2!1s0x3755b10812a520a3%3A0x6d3af4457bec4c90!2sNarayanganj!5e0!3m2!1sen!2sbd!4v1699208535084!5m2!1sen!2sbd\" width=\"600\" height=\"450\" style=\"border:0;\" allowfullscreen=\"\" loading=\"lazy\" referrerpolicy=\"no-referrer-when-downgrade\"></iframe>', 'healthhub@e-pharmacy.com', 'Visitor Email Message from Healthhub E-Pharmacy', 'Thank you for sending email. We will contact you shortly.', 'A confirmation link is sent to your email address. You will get the password reset information in there.', 4, 4, 5, 5, 20, 8, 10, 'E-Pharmacy', 'online medicine store, medicine shop, online medicine', 'E-Pharmacy project ', 'banner_login.jpg', 'banner_registration.jpg', 'banner_forget_password.jpg', 'banner_reset_password.jpg', 'banner_search.jpg', 'banner_cart.jpg', 'banner_checkout.jpg', 'banner_product_category.jpg', 'banner_blog.jpg', 'Welcome To Our E-Pharmacy Website', 'Lorem ipsum dolor sit amet, an labores explicari qui, eu nostrum copiosae argumentum has. Latine propriae quo no, unum ridens expetenda id sit, \r\nat usu eius eligendi singulis. Sea ocurreret principes ne. At nonumy aperiri pri, nam quodsi copiosae intellegebat et, ex deserunt euripidis usu. ', 'Read More', '#', 'cta.jpg', 'Featured Medicines', 'Our list on Top Featured Medicines', 'Latest Medicines', 'Our list of recently added Medicines', 'Popular Medicines', 'Popular Medicines based on customer\'s choice', 'Testimonials', 'See what our clients tell about us', 'testimonial.jpg', 'Latest Blog', 'See all our latest articles and news from below', 'Sign-up to our newsletter for latest promotions and discounts.', 'admin@e-pharmacy.com', 'pk_test_0SwMWadgu8DwmEcPdUPRsZ7b', 'sk_test_TFcsLJ7xxUtpALbDo1L5c1PN', 'Bank Name: Dutch Bangla Bank\r\nAccount Number: 100270589600\r\nBranch Name: Narayangonj Branch\r\nCountry: Bangladesh', '', '<div id=\"fb-root\"></div>\r\n<script>(function(d, s, id) {\r\n  var js, fjs = d.getElementsByTagName(s)[0];\r\n  if (d.getElementById(id)) return;\r\n  js = d.createElement(s); js.id = id;\r\n  js.src = \"//connect.facebook.net/en_US/sdk.js#xfbml=1&version=v2.10&appId=323620764400430\";\r\n  fjs.parentNode.insertBefore(js, fjs);\r\n}(document, \'script\', \'facebook-jssdk\'));</script>', '<!--Start of Tawk.to Script-->\r\n<script type=\"text/javascript\">\r\nvar Tawk_API=Tawk_API||{}, Tawk_LoadStart=new Date();\r\n(function(){\r\nvar s1=document.createElement(\"script\"),s0=document.getElementsByTagName(\"script\")[0];\r\ns1.async=true;\r\ns1.src=\'https://embed.tawk.to/5ae370d7227d3d7edc24cb96/default\';\r\ns1.charset=\'UTF-8\';\r\ns1.setAttribute(\'crossorigin\',\'*\');\r\ns0.parentNode.insertBefore(s1,s0);\r\n})();\r\n</script>\r\n<!--End of Tawk.to Script-->', 1, 1, 1, 1, 1, 1, 1, 1, 1, 1, 1, 1, 1, 1);

-- --------------------------------------------------------

--
-- Table structure for table `tbl_shipping_cost`
--

CREATE TABLE `tbl_shipping_cost` (
  `shipping_cost_id` int(11) NOT NULL,
  `country_id` int(11) NOT NULL,
  `amount` varchar(20) NOT NULL
) ENGINE=InnoDB DEFAULT CHARSET=latin1 COLLATE=latin1_swedish_ci;

--
-- Dumping data for table `tbl_shipping_cost`
--

INSERT INTO `tbl_shipping_cost` (`shipping_cost_id`, `country_id`, `amount`) VALUES
(2, 167, '10'),
(4, 230, '20'),
(5, 18, '0');

-- --------------------------------------------------------

--
-- Table structure for table `tbl_shipping_cost_all`
--

CREATE TABLE `tbl_shipping_cost_all` (
  `sca_id` int(11) NOT NULL,
  `amount` varchar(20) NOT NULL
) ENGINE=InnoDB DEFAULT CHARSET=latin1 COLLATE=latin1_swedish_ci;

--
-- Dumping data for table `tbl_shipping_cost_all`
--

INSERT INTO `tbl_shipping_cost_all` (`sca_id`, `amount`) VALUES
(1, '100');

-- --------------------------------------------------------

--
-- Table structure for table `tbl_slider`
--

CREATE TABLE `tbl_slider` (
  `id` int(11) NOT NULL,
  `photo` varchar(255) NOT NULL,
  `heading` varchar(255) NOT NULL,
  `content` text NOT NULL,
  `button_text` varchar(255) NOT NULL,
  `button_url` varchar(255) NOT NULL,
  `position` varchar(255) NOT NULL
) ENGINE=InnoDB DEFAULT CHARSET=latin1 COLLATE=latin1_swedish_ci;

--
-- Dumping data for table `tbl_slider`
--

INSERT INTO `tbl_slider` (`id`, `photo`, `heading`, `content`, `button_text`, `button_url`, `position`) VALUES
(1, 'slider-1.jpg', 'Welcome to Health Hub E-Pharmacy', 'Shop Online for Pharmaceutics', 'View Medicine', 'product-category.php?id=4&type=mid-category', 'Center'),
(2, 'slider-2.jpg', ' Discount on Some Medicine& Medical Devices', 'An easily accessible search function to find specific items.', 'Read More', '#', 'Center'),
(3, 'slider-3.png', '24 Hours Customer Support', 'A brief overview of our e-pharmacy\'s mission and values.', 'Read More', '#', 'Right');

-- --------------------------------------------------------

--
-- Table structure for table `tbl_social`
--

CREATE TABLE `tbl_social` (
  `social_id` int(11) NOT NULL,
  `social_name` varchar(30) NOT NULL,
  `social_url` varchar(255) NOT NULL,
  `social_icon` varchar(30) NOT NULL
) ENGINE=InnoDB DEFAULT CHARSET=latin1 COLLATE=latin1_swedish_ci;

--
-- Dumping data for table `tbl_social`
--

INSERT INTO `tbl_social` (`social_id`, `social_name`, `social_url`, `social_icon`) VALUES
(1, 'Facebook', 'https://www.facebook.com/#', 'fa fa-facebook'),
(2, 'Twitter', 'https://www.twitter.com/#', 'fa fa-twitter'),
(3, 'LinkedIn', '', 'fa fa-linkedin'),
(4, 'Google Plus', '', 'fa fa-google-plus'),
(5, 'Pinterest', '', 'fa fa-pinterest'),
(6, 'YouTube', 'https://www.youtube.com/#', 'fa fa-youtube'),
(7, 'Instagram', 'https://www.instagram.com/#', 'fa fa-instagram'),
(8, 'Tumblr', '', 'fa fa-tumblr'),
(9, 'Flickr', '', 'fa fa-flickr'),
(10, 'Reddit', '', 'fa fa-reddit'),
(11, 'Snapchat', '', 'fa fa-snapchat'),
(12, 'WhatsApp', 'https://www.whatsapp.com/#', 'fa fa-whatsapp'),
(13, 'Quora', '', 'fa fa-quora'),
(14, 'StumbleUpon', '', 'fa fa-stumbleupon'),
(15, 'Delicious', '', 'fa fa-delicious');

-- --------------------------------------------------------

--
-- Table structure for table `tbl_subscriber`
--

CREATE TABLE `tbl_subscriber` (
  `subs_id` int(11) NOT NULL,
  `subs_email` varchar(255) NOT NULL,
  `subs_date` varchar(100) NOT NULL,
  `subs_date_time` varchar(100) NOT NULL,
  `subs_hash` varchar(255) NOT NULL,
  `subs_active` int(11) NOT NULL
) ENGINE=InnoDB DEFAULT CHARSET=latin1 COLLATE=latin1_swedish_ci;

--
-- Dumping data for table `tbl_subscriber`
--

INSERT INTO `tbl_subscriber` (`subs_id`, `subs_email`, `subs_date`, `subs_date_time`, `subs_hash`, `subs_active`) VALUES
(1, 'ruth@mail.com', '2022-03-20', '2022-03-20 10:25:18', 'f4eabc1afed38a08da8d1c6e5fb42187', 1),
(2, 'kimberly@mail.com', '2022-03-20', '2022-03-20 10:26:07', '61f3af9cac686555a4bff9e565f88c47', 1),
(3, 'gregobn@mail.com', '2022-03-20', '2022-03-20 10:27:21', '72d6fc3a9e9ed33dfc30b10f4de82f34', 1),
(4, 'morgan.sarahh5@mail.com', '2022-03-20', '2022-03-20 10:27:48', 'bcdeda095a6c882803fc3aaf4a17f08e', 1),
(5, 'greenwd1154@mail.com', '2022-03-20', '2022-03-20 10:28:09', '279ecfe9debbb091c664641f534857ee', 1),
(6, 'awsm785@mail.com', '2022-03-20', '2022-03-20 10:28:21', '94096ae01fc65e71c50c7843d096e041', 1);

-- --------------------------------------------------------

--
-- Table structure for table `tbl_top_category`
--

CREATE TABLE `tbl_top_category` (
  `tcat_id` int(11) NOT NULL,
  `tcat_name` varchar(255) NOT NULL,
  `show_on_menu` int(1) NOT NULL
) ENGINE=InnoDB DEFAULT CHARSET=latin1 COLLATE=latin1_swedish_ci;

--
-- Dumping data for table `tbl_top_category`
--

INSERT INTO `tbl_top_category` (`tcat_id`, `tcat_name`, `show_on_menu`) VALUES
(1, 'Other Medical Supplies', 1),
(2, 'Medicial Devices', 1),
(3, 'Injectables', 1),
(4, 'Topical Medications', 1),
(5, 'Oral Medications', 1);

-- --------------------------------------------------------

--
-- Table structure for table `tbl_unit`
--

CREATE TABLE `tbl_unit` (
  `unit_id` int(11) NOT NULL,
  `unit_name` varchar(255) NOT NULL
) ENGINE=InnoDB DEFAULT CHARSET=latin1 COLLATE=latin1_swedish_ci;

--
-- Dumping data for table `tbl_unit`
--

INSERT INTO `tbl_unit` (`unit_id`, `unit_name`) VALUES
(1, '1 Packet'),
(2, '2 Packet'),
(3, '3 Packet'),
(4, '4 Packet'),
(5, '5 Packet'),
(6, '6 packet'),
(7, '7 packet'),
(8, '31'),
(9, '32'),
(10, '33'),
(11, '34'),
(12, '35'),
(13, '36'),
(14, '37'),
(15, '38'),
(16, '39'),
(17, '40'),
(18, '41'),
(19, '42'),
(20, '43'),
(21, '44'),
(22, '45'),
(23, '46'),
(24, '47'),
(25, '48'),
(26, ''),
(27, ''),
(28, ''),
(29, ''),
(30, ''),
(31, '3'),
(32, '4'),
(33, '5'),
(34, '6'),
(35, '7'),
(36, '8'),
(37, '10'),
(38, '12'),
(39, '14'),
(40, '256'),
(41, '128'),
(42, '14'),
(43, '16'),
(44, '18'),
(45, '20'),
(46, '22'),
(47, '24');

-- --------------------------------------------------------

--
-- Table structure for table `tbl_user`
--

CREATE TABLE `tbl_user` (
  `id` int(10) NOT NULL,
  `full_name` varchar(100) NOT NULL,
  `email` varchar(255) NOT NULL,
  `phone` varchar(100) NOT NULL,
  `password` varchar(255) NOT NULL,
  `photo` varchar(255) NOT NULL,
  `role` varchar(30) NOT NULL,
  `status` varchar(10) NOT NULL
) ENGINE=InnoDB DEFAULT CHARSET=latin1 COLLATE=latin1_swedish_ci;

--
-- Dumping data for table `tbl_user`
--

INSERT INTO `tbl_user` (`id`, `full_name`, `email`, `phone`, `password`, `photo`, `role`, `status`) VALUES
(1, 'Administrator', 'admin@mail.com', '7777777777', 'd00f5d5217896fb7fd601412cb890830', 'user-1.png', 'Super Admin', 'Active'),
(2, 'Christine', 'christine@mail.com', '4444444444', '81dc9bdb52d04dc20036dbd8313ed055', 'user-13.jpg', 'Admin', 'Active');

-- --------------------------------------------------------

--
-- Table structure for table `tbl_video`
--

CREATE TABLE `tbl_video` (
  `id` int(11) NOT NULL,
  `title` varchar(255) NOT NULL,
  `iframe_code` text NOT NULL
) ENGINE=InnoDB DEFAULT CHARSET=latin1 COLLATE=latin1_swedish_ci;

--
-- Dumping data for table `tbl_video`
--

INSERT INTO `tbl_video` (`id`, `title`, `iframe_code`) VALUES
(1, 'Video 1', '<iframe width=\"560\" height=\"315\" src=\"https://www.youtube.com/embed/L3XAFSMdVWU\" frameborder=\"0\" allow=\"autoplay; encrypted-media\" allowfullscreen></iframe>'),
(2, 'Video 2', '<iframe width=\"560\" height=\"315\" src=\"https://www.youtube.com/embed/sinQ06YzbJI\" frameborder=\"0\" allow=\"autoplay; encrypted-media\" allowfullscreen></iframe>'),
(4, 'Video 3', '<iframe width=\"560\" height=\"315\" src=\"https://www.youtube.com/embed/ViZNgU-Yt-Y\" frameborder=\"0\" allow=\"autoplay; encrypted-media\" allowfullscreen></iframe>');

--
-- Indexes for dumped tables
--

--
-- Indexes for table `tbl_country`
--
ALTER TABLE `tbl_country`
  ADD PRIMARY KEY (`country_id`);

--
-- Indexes for table `tbl_customer`
--
ALTER TABLE `tbl_customer`
  ADD PRIMARY KEY (`cust_id`);

--
-- Indexes for table `tbl_customer_message`
--
ALTER TABLE `tbl_customer_message`
  ADD PRIMARY KEY (`customer_message_id`);

--
-- Indexes for table `tbl_end_category`
--
ALTER TABLE `tbl_end_category`
  ADD PRIMARY KEY (`ecat_id`);

--
-- Indexes for table `tbl_faq`
--
ALTER TABLE `tbl_faq`
  ADD PRIMARY KEY (`faq_id`);

--
-- Indexes for table `tbl_language`
--
ALTER TABLE `tbl_language`
  ADD PRIMARY KEY (`lang_id`);

--
-- Indexes for table `tbl_mid_category`
--
ALTER TABLE `tbl_mid_category`
  ADD PRIMARY KEY (`mcat_id`);

--
-- Indexes for table `tbl_order`
--
ALTER TABLE `tbl_order`
  ADD PRIMARY KEY (`id`);

--
-- Indexes for table `tbl_page`
--
ALTER TABLE `tbl_page`
  ADD PRIMARY KEY (`id`);

--
-- Indexes for table `tbl_payment`
--
ALTER TABLE `tbl_payment`
  ADD PRIMARY KEY (`id`);

--
-- Indexes for table `tbl_photo`
--
ALTER TABLE `tbl_photo`
  ADD PRIMARY KEY (`id`);

--
-- Indexes for table `tbl_post`
--
ALTER TABLE `tbl_post`
  ADD PRIMARY KEY (`post_id`);

--
-- Indexes for table `tbl_power`
--
ALTER TABLE `tbl_power`
  ADD PRIMARY KEY (`power_id`);

--
-- Indexes for table `tbl_product`
--
ALTER TABLE `tbl_product`
  ADD PRIMARY KEY (`p_id`);

--
-- Indexes for table `tbl_product_photo`
--
ALTER TABLE `tbl_product_photo`
  ADD PRIMARY KEY (`pp_id`);

--
-- Indexes for table `tbl_product_power`
--
ALTER TABLE `tbl_product_power`
  ADD PRIMARY KEY (`id`);

--
-- Indexes for table `tbl_product_unit`
--
ALTER TABLE `tbl_product_unit`
  ADD PRIMARY KEY (`id`);

--
-- Indexes for table `tbl_rating`
--
ALTER TABLE `tbl_rating`
  ADD PRIMARY KEY (`rt_id`);

--
-- Indexes for table `tbl_service`
--
ALTER TABLE `tbl_service`
  ADD PRIMARY KEY (`id`);

--
-- Indexes for table `tbl_settings`
--
ALTER TABLE `tbl_settings`
  ADD PRIMARY KEY (`id`);

--
-- Indexes for table `tbl_shipping_cost`
--
ALTER TABLE `tbl_shipping_cost`
  ADD PRIMARY KEY (`shipping_cost_id`);

--
-- Indexes for table `tbl_shipping_cost_all`
--
ALTER TABLE `tbl_shipping_cost_all`
  ADD PRIMARY KEY (`sca_id`);

--
-- Indexes for table `tbl_slider`
--
ALTER TABLE `tbl_slider`
  ADD PRIMARY KEY (`id`);

--
-- Indexes for table `tbl_social`
--
ALTER TABLE `tbl_social`
  ADD PRIMARY KEY (`social_id`);

--
-- Indexes for table `tbl_subscriber`
--
ALTER TABLE `tbl_subscriber`
  ADD PRIMARY KEY (`subs_id`);

--
-- Indexes for table `tbl_top_category`
--
ALTER TABLE `tbl_top_category`
  ADD PRIMARY KEY (`tcat_id`);

--
-- Indexes for table `tbl_unit`
--
ALTER TABLE `tbl_unit`
  ADD PRIMARY KEY (`unit_id`);

--
-- Indexes for table `tbl_user`
--
ALTER TABLE `tbl_user`
  ADD PRIMARY KEY (`id`);

--
-- Indexes for table `tbl_video`
--
ALTER TABLE `tbl_video`
  ADD PRIMARY KEY (`id`);

--
-- AUTO_INCREMENT for dumped tables
--

--
-- AUTO_INCREMENT for table `tbl_country`
--
ALTER TABLE `tbl_country`
  MODIFY `country_id` int(11) NOT NULL AUTO_INCREMENT, AUTO_INCREMENT=246;

--
-- AUTO_INCREMENT for table `tbl_customer`
--
ALTER TABLE `tbl_customer`
  MODIFY `cust_id` int(11) NOT NULL AUTO_INCREMENT, AUTO_INCREMENT=13;

--
-- AUTO_INCREMENT for table `tbl_customer_message`
--
ALTER TABLE `tbl_customer_message`
  MODIFY `customer_message_id` int(11) NOT NULL AUTO_INCREMENT, AUTO_INCREMENT=9;

--
-- AUTO_INCREMENT for table `tbl_end_category`
--
ALTER TABLE `tbl_end_category`
  MODIFY `ecat_id` int(11) NOT NULL AUTO_INCREMENT, AUTO_INCREMENT=83;

--
-- AUTO_INCREMENT for table `tbl_faq`
--
ALTER TABLE `tbl_faq`
  MODIFY `faq_id` int(11) NOT NULL AUTO_INCREMENT, AUTO_INCREMENT=6;

--
-- AUTO_INCREMENT for table `tbl_language`
--
ALTER TABLE `tbl_language`
  MODIFY `lang_id` int(11) NOT NULL AUTO_INCREMENT, AUTO_INCREMENT=164;

--
-- AUTO_INCREMENT for table `tbl_mid_category`
--
ALTER TABLE `tbl_mid_category`
  MODIFY `mcat_id` int(11) NOT NULL AUTO_INCREMENT, AUTO_INCREMENT=22;

--
-- AUTO_INCREMENT for table `tbl_order`
--
ALTER TABLE `tbl_order`
  MODIFY `id` int(11) NOT NULL AUTO_INCREMENT, AUTO_INCREMENT=16;

--
-- AUTO_INCREMENT for table `tbl_page`
--
ALTER TABLE `tbl_page`
  MODIFY `id` int(11) NOT NULL AUTO_INCREMENT, AUTO_INCREMENT=2;

--
-- AUTO_INCREMENT for table `tbl_payment`
--
ALTER TABLE `tbl_payment`
  MODIFY `id` int(11) NOT NULL AUTO_INCREMENT, AUTO_INCREMENT=67;

--
-- AUTO_INCREMENT for table `tbl_photo`
--
ALTER TABLE `tbl_photo`
  MODIFY `id` int(11) NOT NULL AUTO_INCREMENT, AUTO_INCREMENT=7;

--
-- AUTO_INCREMENT for table `tbl_post`
--
ALTER TABLE `tbl_post`
  MODIFY `post_id` int(11) NOT NULL AUTO_INCREMENT, AUTO_INCREMENT=12;

--
-- AUTO_INCREMENT for table `tbl_power`
--
ALTER TABLE `tbl_power`
  MODIFY `power_id` int(11) NOT NULL AUTO_INCREMENT, AUTO_INCREMENT=30;

--
-- AUTO_INCREMENT for table `tbl_product`
--
ALTER TABLE `tbl_product`
  MODIFY `p_id` int(11) NOT NULL AUTO_INCREMENT, AUTO_INCREMENT=151;

--
-- AUTO_INCREMENT for table `tbl_product_photo`
--
ALTER TABLE `tbl_product_photo`
  MODIFY `pp_id` int(11) NOT NULL AUTO_INCREMENT, AUTO_INCREMENT=133;

--
-- AUTO_INCREMENT for table `tbl_product_power`
--
ALTER TABLE `tbl_product_power`
  MODIFY `id` int(11) NOT NULL AUTO_INCREMENT, AUTO_INCREMENT=286;

--
-- AUTO_INCREMENT for table `tbl_product_unit`
--
ALTER TABLE `tbl_product_unit`
  MODIFY `id` int(11) NOT NULL AUTO_INCREMENT, AUTO_INCREMENT=461;

--
-- AUTO_INCREMENT for table `tbl_rating`
--
ALTER TABLE `tbl_rating`
  MODIFY `rt_id` int(11) NOT NULL AUTO_INCREMENT;

--
-- AUTO_INCREMENT for table `tbl_service`
--
ALTER TABLE `tbl_service`
  MODIFY `id` int(11) NOT NULL AUTO_INCREMENT, AUTO_INCREMENT=11;

--
-- AUTO_INCREMENT for table `tbl_settings`
--
ALTER TABLE `tbl_settings`
  MODIFY `id` int(11) NOT NULL AUTO_INCREMENT, AUTO_INCREMENT=2;

--
-- AUTO_INCREMENT for table `tbl_shipping_cost`
--
ALTER TABLE `tbl_shipping_cost`
  MODIFY `shipping_cost_id` int(11) NOT NULL AUTO_INCREMENT, AUTO_INCREMENT=6;

--
-- AUTO_INCREMENT for table `tbl_shipping_cost_all`
--
ALTER TABLE `tbl_shipping_cost_all`
  MODIFY `sca_id` int(11) NOT NULL AUTO_INCREMENT, AUTO_INCREMENT=2;

--
-- AUTO_INCREMENT for table `tbl_slider`
--
ALTER TABLE `tbl_slider`
  MODIFY `id` int(11) NOT NULL AUTO_INCREMENT, AUTO_INCREMENT=4;

--
-- AUTO_INCREMENT for table `tbl_social`
--
ALTER TABLE `tbl_social`
  MODIFY `social_id` int(11) NOT NULL AUTO_INCREMENT, AUTO_INCREMENT=17;

--
-- AUTO_INCREMENT for table `tbl_subscriber`
--
ALTER TABLE `tbl_subscriber`
  MODIFY `subs_id` int(11) NOT NULL AUTO_INCREMENT, AUTO_INCREMENT=7;

--
-- AUTO_INCREMENT for table `tbl_top_category`
--
ALTER TABLE `tbl_top_category`
  MODIFY `tcat_id` int(11) NOT NULL AUTO_INCREMENT, AUTO_INCREMENT=6;

--
-- AUTO_INCREMENT for table `tbl_unit`
--
ALTER TABLE `tbl_unit`
  MODIFY `unit_id` int(11) NOT NULL AUTO_INCREMENT, AUTO_INCREMENT=48;

--
-- AUTO_INCREMENT for table `tbl_user`
--
ALTER TABLE `tbl_user`
  MODIFY `id` int(10) NOT NULL AUTO_INCREMENT, AUTO_INCREMENT=3;

--
-- AUTO_INCREMENT for table `tbl_video`
--
ALTER TABLE `tbl_video`
  MODIFY `id` int(11) NOT NULL AUTO_INCREMENT, AUTO_INCREMENT=5;
COMMIT;

